orgId,scheduleId,classId,studentId,achievedScore,totalScore,className,classType,programId,lessonPlanId,startAt,dueAt,ageRangeIds,ageRangeNames,gradeIds,gradeNames,subjectIds,subjectNames,category,categoryName,subcategory,subcategoryName
9d42af2a-d943-4bb7-84d8-9e2e28b0e290,60f130697e01f8cc253b82ff,53b45f78-c1e1-4c55-ade6-90a6c1ea13c0,2ab5da37-b3cb-59cb-aa6a-3a0ea5b8e2a3,12,12,Class1,live,7e19f8f8-d1a6-4e1d-bc3c-906b2fec6f8a,60f12ed2c73cc5079f0a960c,1626419400,0,7965d220-619d-400f-8cab-42bd98c7d23c;bb7982cd-020f-4e1a-93fc-4a6874917f07;fe0b81a4-5b02-4548-8fb0-d49cd4a4604a,3 - 4 year(s);4 - 5 year(s);5 - 6 year(s),3e7979f6-7375-450a-9818-ddb09b250bb2;a9f0217d-f7ec-4add-950d-4e8986ab2c82;d7e2e258-d4b3-4e95-b929-49ae702de4be,PreK-2;Kindergarten;PreK-1,7458c758-e3ff-4c8a-8db8-98cad6f5eac7,Speaking,ac72982f-0e7d-424e-8e2c-916efc5ef7b1,Vocabulary,18775ddc-af09-4f4b-a6c4-286927519dd9,Vocabulary
ab54b78e-7f6f-4464-8022-27413d1af20f,61051bd670d44dec23ef1367,9f5f8dc8-cc7d-43b8-89f2-c6caf1a1ee20,15892dba-8529-4a06-b909-b96070dffbe1,10,12,SenHong-2021-1,live,6427e3f8-9bc0-470b-927b-38d7136de8af,610355662dd069c109c3ca48,1627783800,0,7965d220-619d-400f-8cab-42bd98c7d23c;bb7982cd-020f-4e1a-93fc-4a6874917f07;fe0b81a4-5b02-4548-8fb0-d49cd4a4604a,3 - 4 year(s);4 - 5 year(s);5 - 6 year(s),a9f0217d-f7ec-4add-950d-4e8986ab2c82,Kindergarten,aefe49a0-48ce-47d6-93a6-ab0a783df798,ESL,3298009d-e299-4535-a9b3-fb7bdf352c02,Oral Language,b419a394-e3da-4c2e-a0d5-34bc0c54e767,Vocabulary
ab54b78e-7f6f-4464-8022-27413d1af20f,61051bd670d44dec23ef1367,9f5f8dc8-cc7d-43b8-89f2-c6caf1a1ee20,bd1fe47c-eb29-4244-ac86-00b7d5eeab24,24,24,SenHong-2021-1,live,6427e3f8-9bc0-470b-927b-38d7136de8af,610355662dd069c109c3ca48,1627783800,0,7965d220-619d-400f-8cab-42bd98c7d23c;bb7982cd-020f-4e1a-93fc-4a6874917f07;fe0b81a4-5b02-4548-8fb0-d49cd4a4604a,3 - 4 year(s);4 - 5 year(s);5 - 6 year(s),a9f0217d-f7ec-4add-950d-4e8986ab2c82,Kindergarten,aefe49a0-48ce-47d6-93a6-ab0a783df798,ESL,3298009d-e299-4535-a9b3-fb7bdf352c02,Oral Language,b419a394-e3da-4c2e-a0d5-34bc0c54e767,Vocabulary
ab54b78e-7f6f-4464-8022-27413d1af20f,61051bd670d44dec23ef1367,9f5f8dc8-cc7d-43b8-89f2-c6caf1a1ee20,ec2d8d60-3a66-4ca5-b348-c3c72db92282,24,24,SenHong-2021-1,live,6427e3f8-9bc0-470b-927b-38d7136de8af,610355662dd069c109c3ca48,1627783800,0,7965d220-619d-400f-8cab-42bd98c7d23c;bb7982cd-020f-4e1a-93fc-4a6874917f07;fe0b81a4-5b02-4548-8fb0-d49cd4a4604a,3 - 4 year(s);4 - 5 year(s);5 - 6 year(s),a9f0217d-f7ec-4add-950d-4e8986ab2c82,Kindergarten,aefe49a0-48ce-47d6-93a6-ab0a783df798,ESL,3298009d-e299-4535-a9b3-fb7bdf352c02,Oral Language,b419a394-e3da-4c2e-a0d5-34bc0c54e767,Vocabulary
ab54b78e-7f6f-4464-8022-27413d1af20f,61051bd670d44dec23ef1367,9f5f8dc8-cc7d-43b8-89f2-c6caf1a1ee20,b916d9aa-aef8-4b80-9410-1a9325323518,3,3,SenHong-2021-1,live,6427e3f8-9bc0-470b-927b-38d7136de8af,610355662dd069c109c3ca48,1627783800,0,7965d220-619d-400f-8cab-42bd98c7d23c;bb7982cd-020f-4e1a-93fc-4a6874917f07;fe0b81a4-5b02-4548-8fb0-d49cd4a4604a,3 - 4 year(s);4 - 5 year(s);5 - 6 year(s),a9f0217d-f7ec-4add-950d-4e8986ab2c82,Kindergarten,aefe49a0-48ce-47d6-93a6-ab0a783df798,ESL,3298009d-e299-4535-a9b3-fb7bdf352c02,Oral Language,b419a394-e3da-4c2e-a0d5-34bc0c54e767,Vocabulary
ab54b78e-7f6f-4464-8022-27413d1af20f,61051bd670d44dec23ef1367,9f5f8dc8-cc7d-43b8-89f2-c6caf1a1ee20,4df48d1b-66b2-4f0a-a5cc-ce985564c4c8,1,3,SenHong-2021-1,live,6427e3f8-9bc0-470b-927b-38d7136de8af,610355662dd069c109c3ca48,1627783800,0,7965d220-619d-400f-8cab-42bd98c7d23c;bb7982cd-020f-4e1a-93fc-4a6874917f07;fe0b81a4-5b02-4548-8fb0-d49cd4a4604a,3 - 4 year(s);4 - 5 year(s);5 - 6 year(s),a9f0217d-f7ec-4add-950d-4e8986ab2c82,Kindergarten,aefe49a0-48ce-47d6-93a6-ab0a783df798,ESL,3298009d-e299-4535-a9b3-fb7bdf352c02,Oral Language,b419a394-e3da-4c2e-a0d5-34bc0c54e767,Vocabulary
ab54b78e-7f6f-4464-8022-27413d1af20f,61051bd670d44dec23ef1367,9f5f8dc8-cc7d-43b8-89f2-c6caf1a1ee20,5ed22f0d-0201-4ed4-b163-67ed743a6d61,8,28,SenHong-2021-1,live,6427e3f8-9bc0-470b-927b-38d7136de8af,610355662dd069c109c3ca48,1627783800,0,7965d220-619d-400f-8cab-42bd98c7d23c;bb7982cd-020f-4e1a-93fc-4a6874917f07;fe0b81a4-5b02-4548-8fb0-d49cd4a4604a,3 - 4 year(s);4 - 5 year(s);5 - 6 year(s),a9f0217d-f7ec-4add-950d-4e8986ab2c82,Kindergarten,aefe49a0-48ce-47d6-93a6-ab0a783df798,ESL,3298009d-e299-4535-a9b3-fb7bdf352c02,Oral Language,b419a394-e3da-4c2e-a0d5-34bc0c54e767,Vocabulary
ab54b78e-7f6f-4464-8022-27413d1af20f,61051bd670d44dec23ef1367,9f5f8dc8-cc7d-43b8-89f2-c6caf1a1ee20,61150caf-7285-453f-aae1-70b4341a6e45,24,24,SenHong-2021-1,live,6427e3f8-9bc0-470b-927b-38d7136de8af,610355662dd069c109c3ca48,1627783800,0,7965d220-619d-400f-8cab-42bd98c7d23c;bb7982cd-020f-4e1a-93fc-4a6874917f07;fe0b81a4-5b02-4548-8fb0-d49cd4a4604a,3 - 4 year(s);4 - 5 year(s);5 - 6 year(s),a9f0217d-f7ec-4add-950d-4e8986ab2c82,Kindergarten,aefe49a0-48ce-47d6-93a6-ab0a783df798,ESL,3298009d-e299-4535-a9b3-fb7bdf352c02,Oral Language,b419a394-e3da-4c2e-a0d5-34bc0c54e767,Vocabulary
ab54b78e-7f6f-4464-8022-27413d1af20f,61051c472dd069c109c40599,d04d104e-5bd7-4676-874c-f763bc4c6894,0df5c000-e39a-4bac-a13e-9663f1960e8d,24,24,SenHong-2021-2,live,6427e3f8-9bc0-470b-927b-38d7136de8af,610355662dd069c109c3ca48,1627787400,0,7965d220-619d-400f-8cab-42bd98c7d23c;bb7982cd-020f-4e1a-93fc-4a6874917f07;fe0b81a4-5b02-4548-8fb0-d49cd4a4604a,3 - 4 year(s);4 - 5 year(s);5 - 6 year(s),a9f0217d-f7ec-4add-950d-4e8986ab2c82,Kindergarten,aefe49a0-48ce-47d6-93a6-ab0a783df798,ESL,3298009d-e299-4535-a9b3-fb7bdf352c02,Oral Language,b419a394-e3da-4c2e-a0d5-34bc0c54e767,Vocabulary
ab54b78e-7f6f-4464-8022-27413d1af20f,61051c472dd069c109c40599,d04d104e-5bd7-4676-874c-f763bc4c6894,89a6481c-c6fb-4cb8-8940-6ba399a35516,22,24,SenHong-2021-2,live,6427e3f8-9bc0-470b-927b-38d7136de8af,610355662dd069c109c3ca48,1627787400,0,7965d220-619d-400f-8cab-42bd98c7d23c;bb7982cd-020f-4e1a-93fc-4a6874917f07;fe0b81a4-5b02-4548-8fb0-d49cd4a4604a,3 - 4 year(s);4 - 5 year(s);5 - 6 year(s),a9f0217d-f7ec-4add-950d-4e8986ab2c82,Kindergarten,aefe49a0-48ce-47d6-93a6-ab0a783df798,ESL,3298009d-e299-4535-a9b3-fb7bdf352c02,Oral Language,b419a394-e3da-4c2e-a0d5-34bc0c54e767,Vocabulary
ab54b78e-7f6f-4464-8022-27413d1af20f,61051c472dd069c109c40599,d04d104e-5bd7-4676-874c-f763bc4c6894,6dcce1f3-c13e-4c86-8e34-1d5b23222f20,11,24,SenHong-2021-2,live,6427e3f8-9bc0-470b-927b-38d7136de8af,610355662dd069c109c3ca48,1627787400,0,7965d220-619d-400f-8cab-42bd98c7d23c;bb7982cd-020f-4e1a-93fc-4a6874917f07;fe0b81a4-5b02-4548-8fb0-d49cd4a4604a,3 - 4 year(s);4 - 5 year(s);5 - 6 year(s),a9f0217d-f7ec-4add-950d-4e8986ab2c82,Kindergarten,aefe49a0-48ce-47d6-93a6-ab0a783df798,ESL,3298009d-e299-4535-a9b3-fb7bdf352c02,Oral Language,b419a394-e3da-4c2e-a0d5-34bc0c54e767,Vocabulary
ab54b78e-7f6f-4464-8022-27413d1af20f,610520d770d44dec23ef2c78,ce7565ac-70df-4d6d-a2c1-d731bc5b6bf7,58d05f1d-9d8e-423b-868d-a305b3a3709a,24,24,TuoiTho-2021-4,live,6427e3f8-9bc0-470b-927b-38d7136de8af,610355662dd069c109c3ca48,1627809000,0,7965d220-619d-400f-8cab-42bd98c7d23c;bb7982cd-020f-4e1a-93fc-4a6874917f07;fe0b81a4-5b02-4548-8fb0-d49cd4a4604a,3 - 4 year(s);4 - 5 year(s);5 - 6 year(s),a9f0217d-f7ec-4add-950d-4e8986ab2c82,Kindergarten,aefe49a0-48ce-47d6-93a6-ab0a783df798,ESL,3298009d-e299-4535-a9b3-fb7bdf352c02,Oral Language,b419a394-e3da-4c2e-a0d5-34bc0c54e767,Vocabulary
ab54b78e-7f6f-4464-8022-27413d1af20f,610520d770d44dec23ef2c78,ce7565ac-70df-4d6d-a2c1-d731bc5b6bf7,37f5e98d-7eda-4f74-b119-65865c89059c,25,28,TuoiTho-2021-4,live,6427e3f8-9bc0-470b-927b-38d7136de8af,610355662dd069c109c3ca48,1627809000,0,7965d220-619d-400f-8cab-42bd98c7d23c;bb7982cd-020f-4e1a-93fc-4a6874917f07;fe0b81a4-5b02-4548-8fb0-d49cd4a4604a,3 - 4 year(s);4 - 5 year(s);5 - 6 year(s),a9f0217d-f7ec-4add-950d-4e8986ab2c82,Kindergarten,aefe49a0-48ce-47d6-93a6-ab0a783df798,ESL,3298009d-e299-4535-a9b3-fb7bdf352c02,Oral Language,b419a394-e3da-4c2e-a0d5-34bc0c54e767,Vocabulary
ab54b78e-7f6f-4464-8022-27413d1af20f,610520d770d44dec23ef2c78,ce7565ac-70df-4d6d-a2c1-d731bc5b6bf7,4df48d1b-66b2-4f0a-a5cc-ce985564c4c8,3,3,TuoiTho-2021-4,live,6427e3f8-9bc0-470b-927b-38d7136de8af,610355662dd069c109c3ca48,1627809000,0,7965d220-619d-400f-8cab-42bd98c7d23c;bb7982cd-020f-4e1a-93fc-4a6874917f07;fe0b81a4-5b02-4548-8fb0-d49cd4a4604a,3 - 4 year(s);4 - 5 year(s);5 - 6 year(s),a9f0217d-f7ec-4add-950d-4e8986ab2c82,Kindergarten,aefe49a0-48ce-47d6-93a6-ab0a783df798,ESL,3298009d-e299-4535-a9b3-fb7bdf352c02,Oral Language,b419a394-e3da-4c2e-a0d5-34bc0c54e767,Vocabulary
ab54b78e-7f6f-4464-8022-27413d1af20f,610520d770d44dec23ef2c78,ce7565ac-70df-4d6d-a2c1-d731bc5b6bf7,47ec0247-4bb2-4a1c-bc03-529a627518a8,22,28,TuoiTho-2021-4,live,6427e3f8-9bc0-470b-927b-38d7136de8af,610355662dd069c109c3ca48,1627809000,0,7965d220-619d-400f-8cab-42bd98c7d23c;bb7982cd-020f-4e1a-93fc-4a6874917f07;fe0b81a4-5b02-4548-8fb0-d49cd4a4604a,3 - 4 year(s);4 - 5 year(s);5 - 6 year(s),a9f0217d-f7ec-4add-950d-4e8986ab2c82,Kindergarten,aefe49a0-48ce-47d6-93a6-ab0a783df798,ESL,3298009d-e299-4535-a9b3-fb7bdf352c02,Oral Language,b419a394-e3da-4c2e-a0d5-34bc0c54e767,Vocabulary
7aa8874d-7bea-4915-b832-de2d8506741c,61cbd380319b2c503d91020b,18a9e654-1c1a-471d-bfd0-b84c95de3f82,5d9dd2bf-3992-4d26-a456-f6c39d151ae4,5,10,M Class 1,live,75004121-0c0d-486c-ba65-4c57deacb44b,60f90eb22dd069c109c30b97,1640748600,0,145edddc-2019-43d9-97e1-c5830e7ed689;7965d220-619d-400f-8cab-42bd98c7d23c;bb7982cd-020f-4e1a-93fc-4a6874917f07;fe0b81a4-5b02-4548-8fb0-d49cd4a4604a,6 - 7 year(s);3 - 4 year(s);4 - 5 year(s);5 - 6 year(s),0ecb8fa9-d77e-4dd3-b220-7e79704f1b03;66fcda51-33c8-4162-a8d1-0337e1d6ade3;a9f0217d-f7ec-4add-950d-4e8986ab2c82,PreK-1;PreK-2;Kindergarten,20d6ca2f-13df-4a7a-8dcb-955908db7baa,Language/Literacy,84b8f87a-7b61-4580-a190-a9ce3fe90dd3,Speech & Language Skills,2d1152a3-fb03-4c4e-aeba-98856c3241bd,Vocabulary
5e4caa2f-1bba-4ee7-8bf8-b909a59a69ec,61efb3cc728452cc7c9e202e,94f64c77-fe95-4463-933f-c210990f6e9b,3b1dfb5f-6bb3-467c-a5ff-387edb8c5602,22,34,ImaGen - Online Class,live,957e160a-7cef-4684-8aff-06c4f033594d,618ca3f59f058d36db962626,1643099400,0,fe0b81a4-5b02-4548-8fb0-d49cd4a4604a,5 - 6 year(s),null,null,49c8d5ee-472b-47a6-8c57-58daf863c2e1,Language/Literacy,d896bf1a-fb5b-4a57-b833-87b0959ba926,Knowledge,cd06e622-a323-40f3-8409-5384395e00d2,Science
94c33343-0736-4100-9c61-704f098b2453,6220a5920c45ab01e391d5ee,13d94984-0bfa-4d1a-b01c-927f8fa3c86e,b2f7136b-7eaa-440a-8942-b18218ab4239,1,1,Class1B,study,75004121-0c0d-486c-ba65-4c57deacb44b,61e93604728452cc7c9b236b,0,1646326799,145edddc-2019-43d9-97e1-c5830e7ed689;7965d220-619d-400f-8cab-42bd98c7d23c;bb7982cd-020f-4e1a-93fc-4a6874917f07;fe0b81a4-5b02-4548-8fb0-d49cd4a4604a,6 - 7 year(s);3 - 4 year(s);4 - 5 year(s);5 - 6 year(s),0ecb8fa9-d77e-4dd3-b220-7e79704f1b03;66fcda51-33c8-4162-a8d1-0337e1d6ade3;a9f0217d-f7ec-4add-950d-4e8986ab2c82,PreK-1;PreK-2;Kindergarten,20d6ca2f-13df-4a7a-8dcb-955908db7baa,Language/Literacy,ce9014a4-01a9-49d5-bf10-6b08bc454fc1,Fine Motor Skills,null,null
9d42af2a-d943-4bb7-84d8-9e2e28b0e290,60ee8784c73cc5079f0a5fd2,a2fb5112-af97-426e-99ad-b2e27ab3a4f1,64f736fa-a467-518b-8d94-b17ad55646c0,3,7,Class test Capacity,live,75004121-0c0d-486c-ba65-4c57deacb44b,60ee87177e01f8cc253b4d4f,1626251400,0,145edddc-2019-43d9-97e1-c5830e7ed689;7965d220-619d-400f-8cab-42bd98c7d23c;bb7982cd-020f-4e1a-93fc-4a6874917f07;fe0b81a4-5b02-4548-8fb0-d49cd4a4604a,6 - 7 year(s);3 - 4 year(s);4 - 5 year(s);5 - 6 year(s),0ecb8fa9-d77e-4dd3-b220-7e79704f1b03;66fcda51-33c8-4162-a8d1-0337e1d6ade3;a9f0217d-f7ec-4add-950d-4e8986ab2c82,PreK-1;PreK-2;Kindergarten,20d6ca2f-13df-4a7a-8dcb-955908db7baa,Language/Literacy,84b8f87a-7b61-4580-a190-a9ce3fe90dd3,Speech & Language Skills,2d1152a3-fb03-4c4e-aeba-98856c3241bd,Vocabulary
9d42af2a-d943-4bb7-84d8-9e2e28b0e290,60ee8784c73cc5079f0a5fd2,a2fb5112-af97-426e-99ad-b2e27ab3a4f1,d58b10f2-a26e-47b7-a6c2-e615bb65fdf4,5,7,Class test Capacity,live,75004121-0c0d-486c-ba65-4c57deacb44b,60ee87177e01f8cc253b4d4f,1626251400,0,145edddc-2019-43d9-97e1-c5830e7ed689;7965d220-619d-400f-8cab-42bd98c7d23c;bb7982cd-020f-4e1a-93fc-4a6874917f07;fe0b81a4-5b02-4548-8fb0-d49cd4a4604a,6 - 7 year(s);3 - 4 year(s);4 - 5 year(s);5 - 6 year(s),0ecb8fa9-d77e-4dd3-b220-7e79704f1b03;66fcda51-33c8-4162-a8d1-0337e1d6ade3;a9f0217d-f7ec-4add-950d-4e8986ab2c82,PreK-1;PreK-2;Kindergarten,20d6ca2f-13df-4a7a-8dcb-955908db7baa,Language/Literacy,84b8f87a-7b61-4580-a190-a9ce3fe90dd3,Speech & Language Skills,2d1152a3-fb03-4c4e-aeba-98856c3241bd,Vocabulary
9d42af2a-d943-4bb7-84d8-9e2e28b0e290,60ee8784c73cc5079f0a5fd2,a2fb5112-af97-426e-99ad-b2e27ab3a4f1,0ebc17b1-d2e6-4f19-adc7-2a2928b31530,2,4,Class test Capacity,live,75004121-0c0d-486c-ba65-4c57deacb44b,60ee87177e01f8cc253b4d4f,1626251400,0,145edddc-2019-43d9-97e1-c5830e7ed689;7965d220-619d-400f-8cab-42bd98c7d23c;bb7982cd-020f-4e1a-93fc-4a6874917f07;fe0b81a4-5b02-4548-8fb0-d49cd4a4604a,6 - 7 year(s);3 - 4 year(s);4 - 5 year(s);5 - 6 year(s),0ecb8fa9-d77e-4dd3-b220-7e79704f1b03;66fcda51-33c8-4162-a8d1-0337e1d6ade3;a9f0217d-f7ec-4add-950d-4e8986ab2c82,PreK-1;PreK-2;Kindergarten,20d6ca2f-13df-4a7a-8dcb-955908db7baa,Language/Literacy,84b8f87a-7b61-4580-a190-a9ce3fe90dd3,Speech & Language Skills,2d1152a3-fb03-4c4e-aeba-98856c3241bd,Vocabulary
9d42af2a-d943-4bb7-84d8-9e2e28b0e290,60ee8784c73cc5079f0a5fd2,a2fb5112-af97-426e-99ad-b2e27ab3a4f1,1fef5d29-50e5-4513-879b-e5db5f3f6502,6,7,Class test Capacity,live,75004121-0c0d-486c-ba65-4c57deacb44b,60ee87177e01f8cc253b4d4f,1626251400,0,145edddc-2019-43d9-97e1-c5830e7ed689;7965d220-619d-400f-8cab-42bd98c7d23c;bb7982cd-020f-4e1a-93fc-4a6874917f07;fe0b81a4-5b02-4548-8fb0-d49cd4a4604a,6 - 7 year(s);3 - 4 year(s);4 - 5 year(s);5 - 6 year(s),0ecb8fa9-d77e-4dd3-b220-7e79704f1b03;66fcda51-33c8-4162-a8d1-0337e1d6ade3;a9f0217d-f7ec-4add-950d-4e8986ab2c82,PreK-1;PreK-2;Kindergarten,20d6ca2f-13df-4a7a-8dcb-955908db7baa,Language/Literacy,84b8f87a-7b61-4580-a190-a9ce3fe90dd3,Speech & Language Skills,2d1152a3-fb03-4c4e-aeba-98856c3241bd,Vocabulary
9d42af2a-d943-4bb7-84d8-9e2e28b0e290,60ee8784c73cc5079f0a5fd2,a2fb5112-af97-426e-99ad-b2e27ab3a4f1,98179ccb-4208-5c4e-995a-303110e42281,2,2,Class test Capacity,live,75004121-0c0d-486c-ba65-4c57deacb44b,60ee87177e01f8cc253b4d4f,1626251400,0,145edddc-2019-43d9-97e1-c5830e7ed689;7965d220-619d-400f-8cab-42bd98c7d23c;bb7982cd-020f-4e1a-93fc-4a6874917f07;fe0b81a4-5b02-4548-8fb0-d49cd4a4604a,6 - 7 year(s);3 - 4 year(s);4 - 5 year(s);5 - 6 year(s),0ecb8fa9-d77e-4dd3-b220-7e79704f1b03;66fcda51-33c8-4162-a8d1-0337e1d6ade3;a9f0217d-f7ec-4add-950d-4e8986ab2c82,PreK-1;PreK-2;Kindergarten,20d6ca2f-13df-4a7a-8dcb-955908db7baa,Language/Literacy,84b8f87a-7b61-4580-a190-a9ce3fe90dd3,Speech & Language Skills,2d1152a3-fb03-4c4e-aeba-98856c3241bd,Vocabulary
9d42af2a-d943-4bb7-84d8-9e2e28b0e290,60ee8784c73cc5079f0a5fd2,a2fb5112-af97-426e-99ad-b2e27ab3a4f1,7d3be47f-f3cc-418c-aa3a-50d086b48109,2,3,Class test Capacity,live,75004121-0c0d-486c-ba65-4c57deacb44b,60ee87177e01f8cc253b4d4f,1626251400,0,145edddc-2019-43d9-97e1-c5830e7ed689;7965d220-619d-400f-8cab-42bd98c7d23c;bb7982cd-020f-4e1a-93fc-4a6874917f07;fe0b81a4-5b02-4548-8fb0-d49cd4a4604a,6 - 7 year(s);3 - 4 year(s);4 - 5 year(s);5 - 6 year(s),0ecb8fa9-d77e-4dd3-b220-7e79704f1b03;66fcda51-33c8-4162-a8d1-0337e1d6ade3;a9f0217d-f7ec-4add-950d-4e8986ab2c82,PreK-1;PreK-2;Kindergarten,20d6ca2f-13df-4a7a-8dcb-955908db7baa,Language/Literacy,84b8f87a-7b61-4580-a190-a9ce3fe90dd3,Speech & Language Skills,2d1152a3-fb03-4c4e-aeba-98856c3241bd,Vocabulary
9d42af2a-d943-4bb7-84d8-9e2e28b0e290,60ee8784c73cc5079f0a5fd2,a2fb5112-af97-426e-99ad-b2e27ab3a4f1,1212df3a-214a-4be0-af2f-9f19fa5721e9,5,10,Class test Capacity,live,75004121-0c0d-486c-ba65-4c57deacb44b,60ee87177e01f8cc253b4d4f,1626251400,0,145edddc-2019-43d9-97e1-c5830e7ed689;7965d220-619d-400f-8cab-42bd98c7d23c;bb7982cd-020f-4e1a-93fc-4a6874917f07;fe0b81a4-5b02-4548-8fb0-d49cd4a4604a,6 - 7 year(s);3 - 4 year(s);4 - 5 year(s);5 - 6 year(s),0ecb8fa9-d77e-4dd3-b220-7e79704f1b03;66fcda51-33c8-4162-a8d1-0337e1d6ade3;a9f0217d-f7ec-4add-950d-4e8986ab2c82,PreK-1;PreK-2;Kindergarten,20d6ca2f-13df-4a7a-8dcb-955908db7baa,Language/Literacy,84b8f87a-7b61-4580-a190-a9ce3fe90dd3,Speech & Language Skills,2d1152a3-fb03-4c4e-aeba-98856c3241bd,Vocabulary
9d42af2a-d943-4bb7-84d8-9e2e28b0e290,60ee8784c73cc5079f0a5fd2,a2fb5112-af97-426e-99ad-b2e27ab3a4f1,89608cd8-35d3-4c8c-bef5-087635a21ac1,1,3,Class test Capacity,live,75004121-0c0d-486c-ba65-4c57deacb44b,60ee87177e01f8cc253b4d4f,1626251400,0,145edddc-2019-43d9-97e1-c5830e7ed689;7965d220-619d-400f-8cab-42bd98c7d23c;bb7982cd-020f-4e1a-93fc-4a6874917f07;fe0b81a4-5b02-4548-8fb0-d49cd4a4604a,6 - 7 year(s);3 - 4 year(s);4 - 5 year(s);5 - 6 year(s),0ecb8fa9-d77e-4dd3-b220-7e79704f1b03;66fcda51-33c8-4162-a8d1-0337e1d6ade3;a9f0217d-f7ec-4add-950d-4e8986ab2c82,PreK-1;PreK-2;Kindergarten,20d6ca2f-13df-4a7a-8dcb-955908db7baa,Language/Literacy,84b8f87a-7b61-4580-a190-a9ce3fe90dd3,Speech & Language Skills,2d1152a3-fb03-4c4e-aeba-98856c3241bd,Vocabulary
9d42af2a-d943-4bb7-84d8-9e2e28b0e290,60ee8784c73cc5079f0a5fd2,a2fb5112-af97-426e-99ad-b2e27ab3a4f1,2ab5da37-b3cb-59cb-aa6a-3a0ea5b8e2a3,7,8,Class test Capacity,live,75004121-0c0d-486c-ba65-4c57deacb44b,60ee87177e01f8cc253b4d4f,1626251400,0,145edddc-2019-43d9-97e1-c5830e7ed689;7965d220-619d-400f-8cab-42bd98c7d23c;bb7982cd-020f-4e1a-93fc-4a6874917f07;fe0b81a4-5b02-4548-8fb0-d49cd4a4604a,6 - 7 year(s);3 - 4 year(s);4 - 5 year(s);5 - 6 year(s),0ecb8fa9-d77e-4dd3-b220-7e79704f1b03;66fcda51-33c8-4162-a8d1-0337e1d6ade3;a9f0217d-f7ec-4add-950d-4e8986ab2c82,PreK-1;PreK-2;Kindergarten,20d6ca2f-13df-4a7a-8dcb-955908db7baa,Language/Literacy,84b8f87a-7b61-4580-a190-a9ce3fe90dd3,Speech & Language Skills,2d1152a3-fb03-4c4e-aeba-98856c3241bd,Vocabulary
9d42af2a-d943-4bb7-84d8-9e2e28b0e290,60ee8784c73cc5079f0a5fd2,a2fb5112-af97-426e-99ad-b2e27ab3a4f1,23a628c3-020e-4eb6-8043-ad5c6d8252cf,3,4,Class test Capacity,live,75004121-0c0d-486c-ba65-4c57deacb44b,60ee87177e01f8cc253b4d4f,1626251400,0,145edddc-2019-43d9-97e1-c5830e7ed689;7965d220-619d-400f-8cab-42bd98c7d23c;bb7982cd-020f-4e1a-93fc-4a6874917f07;fe0b81a4-5b02-4548-8fb0-d49cd4a4604a,6 - 7 year(s);3 - 4 year(s);4 - 5 year(s);5 - 6 year(s),0ecb8fa9-d77e-4dd3-b220-7e79704f1b03;66fcda51-33c8-4162-a8d1-0337e1d6ade3;a9f0217d-f7ec-4add-950d-4e8986ab2c82,PreK-1;PreK-2;Kindergarten,20d6ca2f-13df-4a7a-8dcb-955908db7baa,Language/Literacy,84b8f87a-7b61-4580-a190-a9ce3fe90dd3,Speech & Language Skills,2d1152a3-fb03-4c4e-aeba-98856c3241bd,Vocabulary
9d42af2a-d943-4bb7-84d8-9e2e28b0e290,60ee8784c73cc5079f0a5fd2,a2fb5112-af97-426e-99ad-b2e27ab3a4f1,b4e8d3bc-9c62-5650-9345-5e7aeb747672,2,3,Class test Capacity,live,75004121-0c0d-486c-ba65-4c57deacb44b,60ee87177e01f8cc253b4d4f,1626251400,0,145edddc-2019-43d9-97e1-c5830e7ed689;7965d220-619d-400f-8cab-42bd98c7d23c;bb7982cd-020f-4e1a-93fc-4a6874917f07;fe0b81a4-5b02-4548-8fb0-d49cd4a4604a,6 - 7 year(s);3 - 4 year(s);4 - 5 year(s);5 - 6 year(s),0ecb8fa9-d77e-4dd3-b220-7e79704f1b03;66fcda51-33c8-4162-a8d1-0337e1d6ade3;a9f0217d-f7ec-4add-950d-4e8986ab2c82,PreK-1;PreK-2;Kindergarten,20d6ca2f-13df-4a7a-8dcb-955908db7baa,Language/Literacy,84b8f87a-7b61-4580-a190-a9ce3fe90dd3,Speech & Language Skills,2d1152a3-fb03-4c4e-aeba-98856c3241bd,Vocabulary
9d42af2a-d943-4bb7-84d8-9e2e28b0e290,60ee8784c73cc5079f0a5fd2,a2fb5112-af97-426e-99ad-b2e27ab3a4f1,88cf8673-a1cc-46e8-9911-50599a1368d0,1,1,Class test Capacity,live,75004121-0c0d-486c-ba65-4c57deacb44b,60ee87177e01f8cc253b4d4f,1626251400,0,145edddc-2019-43d9-97e1-c5830e7ed689;7965d220-619d-400f-8cab-42bd98c7d23c;bb7982cd-020f-4e1a-93fc-4a6874917f07;fe0b81a4-5b02-4548-8fb0-d49cd4a4604a,6 - 7 year(s);3 - 4 year(s);4 - 5 year(s);5 - 6 year(s),0ecb8fa9-d77e-4dd3-b220-7e79704f1b03;66fcda51-33c8-4162-a8d1-0337e1d6ade3;a9f0217d-f7ec-4add-950d-4e8986ab2c82,PreK-1;PreK-2;Kindergarten,20d6ca2f-13df-4a7a-8dcb-955908db7baa,Language/Literacy,84b8f87a-7b61-4580-a190-a9ce3fe90dd3,Speech & Language Skills,2d1152a3-fb03-4c4e-aeba-98856c3241bd,Vocabulary
b4e517f0-e128-4c57-9cfa-265401fe3959,6102274e2dd069c109c39928,5f668d82-255c-4971-8d3d-9d3b205ace18,87b32b1a-b100-439a-bcc8-69ccc9f95998,5,6,School 1 - Class A1,live,75004121-0c0d-486c-ba65-4c57deacb44b,6102235bfe0d321968f78c8b,1627531200,0,145edddc-2019-43d9-97e1-c5830e7ed689;7965d220-619d-400f-8cab-42bd98c7d23c;bb7982cd-020f-4e1a-93fc-4a6874917f07;fe0b81a4-5b02-4548-8fb0-d49cd4a4604a,6 - 7 year(s);3 - 4 year(s);4 - 5 year(s);5 - 6 year(s),0ecb8fa9-d77e-4dd3-b220-7e79704f1b03;66fcda51-33c8-4162-a8d1-0337e1d6ade3;a9f0217d-f7ec-4add-950d-4e8986ab2c82,PreK-1;PreK-2;Kindergarten,20d6ca2f-13df-4a7a-8dcb-955908db7baa,Language/Literacy,e08f3578-a7d4-4cac-b028-ef7a8c93f53f,Cognitive Skills,b32321db-3b4a-4b1e-8db9-c485d045bf01,Logic & Memory
ab54b78e-7f6f-4464-8022-27413d1af20f,61052fda2dd069c109c413ee,1a85cb33-2f14-49fc-a13a-89014efff7ec,d46ab893-3e96-412c-891a-df34dc3d9ab3,26,28,HuongDuong-2021-1,live,6427e3f8-9bc0-470b-927b-38d7136de8af,610355662dd069c109c3ca48,1627780200,0,7965d220-619d-400f-8cab-42bd98c7d23c;bb7982cd-020f-4e1a-93fc-4a6874917f07;fe0b81a4-5b02-4548-8fb0-d49cd4a4604a,3 - 4 year(s);4 - 5 year(s);5 - 6 year(s),a9f0217d-f7ec-4add-950d-4e8986ab2c82,Kindergarten,aefe49a0-48ce-47d6-93a6-ab0a783df798,ESL,3298009d-e299-4535-a9b3-fb7bdf352c02,Oral Language,b419a394-e3da-4c2e-a0d5-34bc0c54e767,Vocabulary
ab54b78e-7f6f-4464-8022-27413d1af20f,61052fda2dd069c109c413ee,1a85cb33-2f14-49fc-a13a-89014efff7ec,20c95dc3-4f2d-47cf-99a5-cbb6b6425bca,5,7,HuongDuong-2021-1,live,6427e3f8-9bc0-470b-927b-38d7136de8af,610355662dd069c109c3ca48,1627780200,0,7965d220-619d-400f-8cab-42bd98c7d23c;bb7982cd-020f-4e1a-93fc-4a6874917f07;fe0b81a4-5b02-4548-8fb0-d49cd4a4604a,3 - 4 year(s);4 - 5 year(s);5 - 6 year(s),a9f0217d-f7ec-4add-950d-4e8986ab2c82,Kindergarten,aefe49a0-48ce-47d6-93a6-ab0a783df798,ESL,3298009d-e299-4535-a9b3-fb7bdf352c02,Oral Language,b419a394-e3da-4c2e-a0d5-34bc0c54e767,Vocabulary
ab54b78e-7f6f-4464-8022-27413d1af20f,61053241a6737e546a9d93a1,31a5a462-8426-447c-8c59-e1d03dc1897d,ecbc756f-ace6-4ab3-aa01-9993ee904148,1,4,HuongDuong-2021-3,live,6427e3f8-9bc0-470b-927b-38d7136de8af,610355662dd069c109c3ca48,1627787400,0,7965d220-619d-400f-8cab-42bd98c7d23c;bb7982cd-020f-4e1a-93fc-4a6874917f07;fe0b81a4-5b02-4548-8fb0-d49cd4a4604a,3 - 4 year(s);4 - 5 year(s);5 - 6 year(s),a9f0217d-f7ec-4add-950d-4e8986ab2c82,Kindergarten,aefe49a0-48ce-47d6-93a6-ab0a783df798,ESL,3298009d-e299-4535-a9b3-fb7bdf352c02,Oral Language,b419a394-e3da-4c2e-a0d5-34bc0c54e767,Vocabulary
ab54b78e-7f6f-4464-8022-27413d1af20f,61053241a6737e546a9d93a1,31a5a462-8426-447c-8c59-e1d03dc1897d,c8903dc1-91a5-44bc-b284-103402fd59c3,2,4,HuongDuong-2021-3,live,6427e3f8-9bc0-470b-927b-38d7136de8af,610355662dd069c109c3ca48,1627787400,0,7965d220-619d-400f-8cab-42bd98c7d23c;bb7982cd-020f-4e1a-93fc-4a6874917f07;fe0b81a4-5b02-4548-8fb0-d49cd4a4604a,3 - 4 year(s);4 - 5 year(s);5 - 6 year(s),a9f0217d-f7ec-4add-950d-4e8986ab2c82,Kindergarten,aefe49a0-48ce-47d6-93a6-ab0a783df798,ESL,3298009d-e299-4535-a9b3-fb7bdf352c02,Oral Language,b419a394-e3da-4c2e-a0d5-34bc0c54e767,Vocabulary
ab54b78e-7f6f-4464-8022-27413d1af20f,61053241a6737e546a9d93a1,31a5a462-8426-447c-8c59-e1d03dc1897d,cc99dcd1-7652-4719-af4f-5049419ecb2b,1,4,HuongDuong-2021-3,live,6427e3f8-9bc0-470b-927b-38d7136de8af,610355662dd069c109c3ca48,1627787400,0,7965d220-619d-400f-8cab-42bd98c7d23c;bb7982cd-020f-4e1a-93fc-4a6874917f07;fe0b81a4-5b02-4548-8fb0-d49cd4a4604a,3 - 4 year(s);4 - 5 year(s);5 - 6 year(s),a9f0217d-f7ec-4add-950d-4e8986ab2c82,Kindergarten,aefe49a0-48ce-47d6-93a6-ab0a783df798,ESL,3298009d-e299-4535-a9b3-fb7bdf352c02,Oral Language,b419a394-e3da-4c2e-a0d5-34bc0c54e767,Vocabulary
ab54b78e-7f6f-4464-8022-27413d1af20f,61053241a6737e546a9d93a1,31a5a462-8426-447c-8c59-e1d03dc1897d,5408fcc6-a892-4de3-b338-478bc8363f1d,1,4,HuongDuong-2021-3,live,6427e3f8-9bc0-470b-927b-38d7136de8af,610355662dd069c109c3ca48,1627787400,0,7965d220-619d-400f-8cab-42bd98c7d23c;bb7982cd-020f-4e1a-93fc-4a6874917f07;fe0b81a4-5b02-4548-8fb0-d49cd4a4604a,3 - 4 year(s);4 - 5 year(s);5 - 6 year(s),a9f0217d-f7ec-4add-950d-4e8986ab2c82,Kindergarten,aefe49a0-48ce-47d6-93a6-ab0a783df798,ESL,3298009d-e299-4535-a9b3-fb7bdf352c02,Oral Language,b419a394-e3da-4c2e-a0d5-34bc0c54e767,Vocabulary
b4e517f0-e128-4c57-9cfa-265401fe3959,617a5a6c6c18146d45b54bed,5f668d82-255c-4971-8d3d-9d3b205ace18,87b32b1a-b100-439a-bcc8-69ccc9f95998,28,36,School 1 - Class A1,live,04c630cc-fabe-4176-80f2-30a029907a33,617a47303a50a0e2080812f0,1635408600,0,145edddc-2019-43d9-97e1-c5830e7ed689;21f1da64-b6c8-4e74-9fef-09d08cfd8e6c;7965d220-619d-400f-8cab-42bd98c7d23c;bb7982cd-020f-4e1a-93fc-4a6874917f07;fe0b81a4-5b02-4548-8fb0-d49cd4a4604a,6 - 7 year(s);7 - 8 year(s);3 - 4 year(s);4 - 5 year(s);5 - 6 year(s),3ee3fd4c-6208-494f-9551-d48fabc4f42a;781e8a08-29e8-4171-8392-7e8ac9f183a0;89d71050-186e-4fb2-8cbd-9598ca312be9;abc900b9-5b8c-4e54-a4a8-54f102b2c1c6;b20eaf10-3e40-4ef7-9d74-93a13782d38f,PreK-6;PreK-7;PreK-4;PreK-5;PreK-3,fab745e8-9e31-4d0c-b780-c40120c98b27,Science,8488eeac-28bd-4f86-8093-9853b19f51db,Personal Development,40a232cd-d6e8-4ec1-97ec-4e4df7d00a78,None Specified
b4e517f0-e128-4c57-9cfa-265401fe3959,617a5a6c6c18146d45b54bed,5f668d82-255c-4971-8d3d-9d3b205ace18,bcef0348-ccd8-43c6-b0e7-abcad7a461b3,3,3,School 1 - Class A1,live,04c630cc-fabe-4176-80f2-30a029907a33,617a47303a50a0e2080812f0,1635408600,0,145edddc-2019-43d9-97e1-c5830e7ed689;21f1da64-b6c8-4e74-9fef-09d08cfd8e6c;7965d220-619d-400f-8cab-42bd98c7d23c;bb7982cd-020f-4e1a-93fc-4a6874917f07;fe0b81a4-5b02-4548-8fb0-d49cd4a4604a,6 - 7 year(s);7 - 8 year(s);3 - 4 year(s);4 - 5 year(s);5 - 6 year(s),3ee3fd4c-6208-494f-9551-d48fabc4f42a;781e8a08-29e8-4171-8392-7e8ac9f183a0;89d71050-186e-4fb2-8cbd-9598ca312be9;abc900b9-5b8c-4e54-a4a8-54f102b2c1c6;b20eaf10-3e40-4ef7-9d74-93a13782d38f,PreK-6;PreK-7;PreK-4;PreK-5;PreK-3,fab745e8-9e31-4d0c-b780-c40120c98b27,Science,8488eeac-28bd-4f86-8093-9853b19f51db,Personal Development,40a232cd-d6e8-4ec1-97ec-4e4df7d00a78,None Specified
b4e517f0-e128-4c57-9cfa-265401fe3959,61a72525635376836c060918,4347104f-b25b-4f70-8b79-b655c6e285ad,7c26a76f-98f3-4564-ac07-6c4c7c3fd603,4,5,ABC,live,75004121-0c0d-486c-ba65-4c57deacb44b,61a378f1c50320d1a7990a42,1638345600,0,145edddc-2019-43d9-97e1-c5830e7ed689;7965d220-619d-400f-8cab-42bd98c7d23c;bb7982cd-020f-4e1a-93fc-4a6874917f07;fe0b81a4-5b02-4548-8fb0-d49cd4a4604a,6 - 7 year(s);3 - 4 year(s);4 - 5 year(s);5 - 6 year(s),0ecb8fa9-d77e-4dd3-b220-7e79704f1b03;66fcda51-33c8-4162-a8d1-0337e1d6ade3;a9f0217d-f7ec-4add-950d-4e8986ab2c82,PreK-1;PreK-2;Kindergarten,20d6ca2f-13df-4a7a-8dcb-955908db7baa,Language/Literacy,84b8f87a-7b61-4580-a190-a9ce3fe90dd3,Speech & Language Skills,40a232cd-d6e8-4ec1-97ec-4e4df7d00a78,None Specified
94c33343-0736-4100-9c61-704f098b2453,620b22f76f779b9c7a85c9e6,13d94984-0bfa-4d1a-b01c-927f8fa3c86e,b2f7136b-7eaa-440a-8942-b18218ab4239,16,16,Class1B,study,75004121-0c0d-486c-ba65-4c57deacb44b,61f3a3aac0dfd212a8bee557,0,1644944399,145edddc-2019-43d9-97e1-c5830e7ed689;7965d220-619d-400f-8cab-42bd98c7d23c;bb7982cd-020f-4e1a-93fc-4a6874917f07;fe0b81a4-5b02-4548-8fb0-d49cd4a4604a,6 - 7 year(s);3 - 4 year(s);4 - 5 year(s);5 - 6 year(s),0ecb8fa9-d77e-4dd3-b220-7e79704f1b03;66fcda51-33c8-4162-a8d1-0337e1d6ade3;a9f0217d-f7ec-4add-950d-4e8986ab2c82,PreK-1;PreK-2;Kindergarten,20d6ca2f-13df-4a7a-8dcb-955908db7baa,Language/Literacy,ce9014a4-01a9-49d5-bf10-6b08bc454fc1,Fine Motor Skills,null,null
2afcdd51-420e-4fa3-a927-7709fd58df9d,62396ee70974eeb8e00a395b,4ff300b9-5aed-4ed6-9ba1-f1c0b409c427,12cd726e-fb91-410a-9712-9a2147a26ea1,53,59,Class 1,live,d18aa475-2567-4061-9ac3-46dd419ec120,623011be78ad41e2ba9b8e51,1648141200,0,145edddc-2019-43d9-97e1-c5830e7ed689;21f1da64-b6c8-4e74-9fef-09d08cfd8e6c;7965d220-619d-400f-8cab-42bd98c7d23c;bb7982cd-020f-4e1a-93fc-4a6874917f07;fe0b81a4-5b02-4548-8fb0-d49cd4a4604a,6 - 7 year(s);7 - 8 year(s);3 - 4 year(s);4 - 5 year(s);5 - 6 year(s),0ecb8fa9-d77e-4dd3-b220-7e79704f1b03;66fcda51-33c8-4162-a8d1-0337e1d6ade3;9d3e591d-06a6-4fc4-9714-cf155a15b415;a9f0217d-f7ec-4add-950d-4e8986ab2c82,PreK-1;PreK-2;Grade 2;Kindergarten,ba4d88b6-d5d8-4dbe-9cf2-8237664c746c,Language/Literacy,069e95fd-a96f-4950-9949-89d5e04c339d,Phonics,null,null
2afcdd51-420e-4fa3-a927-7709fd58df9d,62396ee70974eeb8e00a395b,4ff300b9-5aed-4ed6-9ba1-f1c0b409c427,ba66da21-4658-47dd-b866-59bb776d91b3,40,45,Class 1,live,d18aa475-2567-4061-9ac3-46dd419ec120,623011be78ad41e2ba9b8e51,1648141200,0,145edddc-2019-43d9-97e1-c5830e7ed689;21f1da64-b6c8-4e74-9fef-09d08cfd8e6c;7965d220-619d-400f-8cab-42bd98c7d23c;bb7982cd-020f-4e1a-93fc-4a6874917f07;fe0b81a4-5b02-4548-8fb0-d49cd4a4604a,6 - 7 year(s);7 - 8 year(s);3 - 4 year(s);4 - 5 year(s);5 - 6 year(s),0ecb8fa9-d77e-4dd3-b220-7e79704f1b03;66fcda51-33c8-4162-a8d1-0337e1d6ade3;9d3e591d-06a6-4fc4-9714-cf155a15b415;a9f0217d-f7ec-4add-950d-4e8986ab2c82,PreK-1;PreK-2;Grade 2;Kindergarten,ba4d88b6-d5d8-4dbe-9cf2-8237664c746c,Language/Literacy,069e95fd-a96f-4950-9949-89d5e04c339d,Phonics,null,null
2afcdd51-420e-4fa3-a927-7709fd58df9d,62396ee70974eeb8e00a395b,4ff300b9-5aed-4ed6-9ba1-f1c0b409c427,6a16a3d2-b8cc-404f-936a-2236df4dae21,51,64,Class 1,live,d18aa475-2567-4061-9ac3-46dd419ec120,623011be78ad41e2ba9b8e51,1648141200,0,145edddc-2019-43d9-97e1-c5830e7ed689;21f1da64-b6c8-4e74-9fef-09d08cfd8e6c;7965d220-619d-400f-8cab-42bd98c7d23c;bb7982cd-020f-4e1a-93fc-4a6874917f07;fe0b81a4-5b02-4548-8fb0-d49cd4a4604a,6 - 7 year(s);7 - 8 year(s);3 - 4 year(s);4 - 5 year(s);5 - 6 year(s),0ecb8fa9-d77e-4dd3-b220-7e79704f1b03;66fcda51-33c8-4162-a8d1-0337e1d6ade3;9d3e591d-06a6-4fc4-9714-cf155a15b415;a9f0217d-f7ec-4add-950d-4e8986ab2c82,PreK-1;PreK-2;Grade 2;Kindergarten,ba4d88b6-d5d8-4dbe-9cf2-8237664c746c,Language/Literacy,069e95fd-a96f-4950-9949-89d5e04c339d,Phonics,null,null
2afcdd51-420e-4fa3-a927-7709fd58df9d,62396ee70974eeb8e00a395b,4ff300b9-5aed-4ed6-9ba1-f1c0b409c427,55fafb4f-5640-443f-aafe-f567cb2e078c,3,5,Class 1,live,d18aa475-2567-4061-9ac3-46dd419ec120,623011be78ad41e2ba9b8e51,1648141200,0,145edddc-2019-43d9-97e1-c5830e7ed689;21f1da64-b6c8-4e74-9fef-09d08cfd8e6c;7965d220-619d-400f-8cab-42bd98c7d23c;bb7982cd-020f-4e1a-93fc-4a6874917f07;fe0b81a4-5b02-4548-8fb0-d49cd4a4604a,6 - 7 year(s);7 - 8 year(s);3 - 4 year(s);4 - 5 year(s);5 - 6 year(s),0ecb8fa9-d77e-4dd3-b220-7e79704f1b03;66fcda51-33c8-4162-a8d1-0337e1d6ade3;9d3e591d-06a6-4fc4-9714-cf155a15b415;a9f0217d-f7ec-4add-950d-4e8986ab2c82,PreK-1;PreK-2;Grade 2;Kindergarten,ba4d88b6-d5d8-4dbe-9cf2-8237664c746c,Language/Literacy,069e95fd-a96f-4950-9949-89d5e04c339d,Phonics,null,null
2afcdd51-420e-4fa3-a927-7709fd58df9d,62396ee70974eeb8e00a395b,4ff300b9-5aed-4ed6-9ba1-f1c0b409c427,3906589b-9e83-4433-8b26-c787c8ede358,11,11,Class 1,live,d18aa475-2567-4061-9ac3-46dd419ec120,623011be78ad41e2ba9b8e51,1648141200,0,145edddc-2019-43d9-97e1-c5830e7ed689;21f1da64-b6c8-4e74-9fef-09d08cfd8e6c;7965d220-619d-400f-8cab-42bd98c7d23c;bb7982cd-020f-4e1a-93fc-4a6874917f07;fe0b81a4-5b02-4548-8fb0-d49cd4a4604a,6 - 7 year(s);7 - 8 year(s);3 - 4 year(s);4 - 5 year(s);5 - 6 year(s),0ecb8fa9-d77e-4dd3-b220-7e79704f1b03;66fcda51-33c8-4162-a8d1-0337e1d6ade3;9d3e591d-06a6-4fc4-9714-cf155a15b415;a9f0217d-f7ec-4add-950d-4e8986ab2c82,PreK-1;PreK-2;Grade 2;Kindergarten,ba4d88b6-d5d8-4dbe-9cf2-8237664c746c,Language/Literacy,069e95fd-a96f-4950-9949-89d5e04c339d,Phonics,null,null
2afcdd51-420e-4fa3-a927-7709fd58df9d,62396ee70974eeb8e00a395b,4ff300b9-5aed-4ed6-9ba1-f1c0b409c427,bedecadb-308d-4224-85a2-b7eb5458f637,36,41,Class 1,live,d18aa475-2567-4061-9ac3-46dd419ec120,623011be78ad41e2ba9b8e51,1648141200,0,145edddc-2019-43d9-97e1-c5830e7ed689;21f1da64-b6c8-4e74-9fef-09d08cfd8e6c;7965d220-619d-400f-8cab-42bd98c7d23c;bb7982cd-020f-4e1a-93fc-4a6874917f07;fe0b81a4-5b02-4548-8fb0-d49cd4a4604a,6 - 7 year(s);7 - 8 year(s);3 - 4 year(s);4 - 5 year(s);5 - 6 year(s),0ecb8fa9-d77e-4dd3-b220-7e79704f1b03;66fcda51-33c8-4162-a8d1-0337e1d6ade3;9d3e591d-06a6-4fc4-9714-cf155a15b415;a9f0217d-f7ec-4add-950d-4e8986ab2c82,PreK-1;PreK-2;Grade 2;Kindergarten,ba4d88b6-d5d8-4dbe-9cf2-8237664c746c,Language/Literacy,069e95fd-a96f-4950-9949-89d5e04c339d,Phonics,null,null
2afcdd51-420e-4fa3-a927-7709fd58df9d,62396ee70974eeb8e00a395b,4ff300b9-5aed-4ed6-9ba1-f1c0b409c427,ce7a6a77-6c45-4031-ab14-548a4c288164,27,31,Class 1,live,d18aa475-2567-4061-9ac3-46dd419ec120,623011be78ad41e2ba9b8e51,1648141200,0,145edddc-2019-43d9-97e1-c5830e7ed689;21f1da64-b6c8-4e74-9fef-09d08cfd8e6c;7965d220-619d-400f-8cab-42bd98c7d23c;bb7982cd-020f-4e1a-93fc-4a6874917f07;fe0b81a4-5b02-4548-8fb0-d49cd4a4604a,6 - 7 year(s);7 - 8 year(s);3 - 4 year(s);4 - 5 year(s);5 - 6 year(s),0ecb8fa9-d77e-4dd3-b220-7e79704f1b03;66fcda51-33c8-4162-a8d1-0337e1d6ade3;9d3e591d-06a6-4fc4-9714-cf155a15b415;a9f0217d-f7ec-4add-950d-4e8986ab2c82,PreK-1;PreK-2;Grade 2;Kindergarten,ba4d88b6-d5d8-4dbe-9cf2-8237664c746c,Language/Literacy,069e95fd-a96f-4950-9949-89d5e04c339d,Phonics,null,null
2afcdd51-420e-4fa3-a927-7709fd58df9d,62396ee70974eeb8e00a395b,4ff300b9-5aed-4ed6-9ba1-f1c0b409c427,6c6ef11f-f8ea-418b-8261-d9eaddb4c6f6,38,40,Class 1,live,d18aa475-2567-4061-9ac3-46dd419ec120,623011be78ad41e2ba9b8e51,1648141200,0,145edddc-2019-43d9-97e1-c5830e7ed689;21f1da64-b6c8-4e74-9fef-09d08cfd8e6c;7965d220-619d-400f-8cab-42bd98c7d23c;bb7982cd-020f-4e1a-93fc-4a6874917f07;fe0b81a4-5b02-4548-8fb0-d49cd4a4604a,6 - 7 year(s);7 - 8 year(s);3 - 4 year(s);4 - 5 year(s);5 - 6 year(s),0ecb8fa9-d77e-4dd3-b220-7e79704f1b03;66fcda51-33c8-4162-a8d1-0337e1d6ade3;9d3e591d-06a6-4fc4-9714-cf155a15b415;a9f0217d-f7ec-4add-950d-4e8986ab2c82,PreK-1;PreK-2;Grade 2;Kindergarten,ba4d88b6-d5d8-4dbe-9cf2-8237664c746c,Language/Literacy,069e95fd-a96f-4950-9949-89d5e04c339d,Phonics,null,null
2afcdd51-420e-4fa3-a927-7709fd58df9d,62396ee70974eeb8e00a395b,4ff300b9-5aed-4ed6-9ba1-f1c0b409c427,3c35ecc1-772e-4eed-95b7-23afc100038f,4,5,Class 1,live,d18aa475-2567-4061-9ac3-46dd419ec120,623011be78ad41e2ba9b8e51,1648141200,0,145edddc-2019-43d9-97e1-c5830e7ed689;21f1da64-b6c8-4e74-9fef-09d08cfd8e6c;7965d220-619d-400f-8cab-42bd98c7d23c;bb7982cd-020f-4e1a-93fc-4a6874917f07;fe0b81a4-5b02-4548-8fb0-d49cd4a4604a,6 - 7 year(s);7 - 8 year(s);3 - 4 year(s);4 - 5 year(s);5 - 6 year(s),0ecb8fa9-d77e-4dd3-b220-7e79704f1b03;66fcda51-33c8-4162-a8d1-0337e1d6ade3;9d3e591d-06a6-4fc4-9714-cf155a15b415;a9f0217d-f7ec-4add-950d-4e8986ab2c82,PreK-1;PreK-2;Grade 2;Kindergarten,ba4d88b6-d5d8-4dbe-9cf2-8237664c746c,Language/Literacy,069e95fd-a96f-4950-9949-89d5e04c339d,Phonics,null,null
2afcdd51-420e-4fa3-a927-7709fd58df9d,62396ee70974eeb8e00a395b,4ff300b9-5aed-4ed6-9ba1-f1c0b409c427,afba7c4c-82b4-4bea-827a-8355ded69e4c,18,21,Class 1,live,d18aa475-2567-4061-9ac3-46dd419ec120,623011be78ad41e2ba9b8e51,1648141200,0,145edddc-2019-43d9-97e1-c5830e7ed689;21f1da64-b6c8-4e74-9fef-09d08cfd8e6c;7965d220-619d-400f-8cab-42bd98c7d23c;bb7982cd-020f-4e1a-93fc-4a6874917f07;fe0b81a4-5b02-4548-8fb0-d49cd4a4604a,6 - 7 year(s);7 - 8 year(s);3 - 4 year(s);4 - 5 year(s);5 - 6 year(s),0ecb8fa9-d77e-4dd3-b220-7e79704f1b03;66fcda51-33c8-4162-a8d1-0337e1d6ade3;9d3e591d-06a6-4fc4-9714-cf155a15b415;a9f0217d-f7ec-4add-950d-4e8986ab2c82,PreK-1;PreK-2;Grade 2;Kindergarten,ba4d88b6-d5d8-4dbe-9cf2-8237664c746c,Language/Literacy,069e95fd-a96f-4950-9949-89d5e04c339d,Phonics,null,null
2afcdd51-420e-4fa3-a927-7709fd58df9d,62396ee70974eeb8e00a395b,4ff300b9-5aed-4ed6-9ba1-f1c0b409c427,54e55032-6def-4ad7-a617-04c3a7bfe3e8,26,44,Class 1,live,d18aa475-2567-4061-9ac3-46dd419ec120,623011be78ad41e2ba9b8e51,1648141200,0,145edddc-2019-43d9-97e1-c5830e7ed689;21f1da64-b6c8-4e74-9fef-09d08cfd8e6c;7965d220-619d-400f-8cab-42bd98c7d23c;bb7982cd-020f-4e1a-93fc-4a6874917f07;fe0b81a4-5b02-4548-8fb0-d49cd4a4604a,6 - 7 year(s);7 - 8 year(s);3 - 4 year(s);4 - 5 year(s);5 - 6 year(s),0ecb8fa9-d77e-4dd3-b220-7e79704f1b03;66fcda51-33c8-4162-a8d1-0337e1d6ade3;9d3e591d-06a6-4fc4-9714-cf155a15b415;a9f0217d-f7ec-4add-950d-4e8986ab2c82,PreK-1;PreK-2;Grade 2;Kindergarten,ba4d88b6-d5d8-4dbe-9cf2-8237664c746c,Language/Literacy,069e95fd-a96f-4950-9949-89d5e04c339d,Phonics,null,null
2afcdd51-420e-4fa3-a927-7709fd58df9d,62396ee70974eeb8e00a395b,4ff300b9-5aed-4ed6-9ba1-f1c0b409c427,72a7a2b3-8a31-44d6-a8fa-29903f382036,38,49,Class 1,live,d18aa475-2567-4061-9ac3-46dd419ec120,623011be78ad41e2ba9b8e51,1648141200,0,145edddc-2019-43d9-97e1-c5830e7ed689;21f1da64-b6c8-4e74-9fef-09d08cfd8e6c;7965d220-619d-400f-8cab-42bd98c7d23c;bb7982cd-020f-4e1a-93fc-4a6874917f07;fe0b81a4-5b02-4548-8fb0-d49cd4a4604a,6 - 7 year(s);7 - 8 year(s);3 - 4 year(s);4 - 5 year(s);5 - 6 year(s),0ecb8fa9-d77e-4dd3-b220-7e79704f1b03;66fcda51-33c8-4162-a8d1-0337e1d6ade3;9d3e591d-06a6-4fc4-9714-cf155a15b415;a9f0217d-f7ec-4add-950d-4e8986ab2c82,PreK-1;PreK-2;Grade 2;Kindergarten,ba4d88b6-d5d8-4dbe-9cf2-8237664c746c,Language/Literacy,069e95fd-a96f-4950-9949-89d5e04c339d,Phonics,null,null
2afcdd51-420e-4fa3-a927-7709fd58df9d,62396ee70974eeb8e00a395b,4ff300b9-5aed-4ed6-9ba1-f1c0b409c427,d2fc1a8b-98c5-4402-950b-28892ce8c0eb,37,40,Class 1,live,d18aa475-2567-4061-9ac3-46dd419ec120,623011be78ad41e2ba9b8e51,1648141200,0,145edddc-2019-43d9-97e1-c5830e7ed689;21f1da64-b6c8-4e74-9fef-09d08cfd8e6c;7965d220-619d-400f-8cab-42bd98c7d23c;bb7982cd-020f-4e1a-93fc-4a6874917f07;fe0b81a4-5b02-4548-8fb0-d49cd4a4604a,6 - 7 year(s);7 - 8 year(s);3 - 4 year(s);4 - 5 year(s);5 - 6 year(s),0ecb8fa9-d77e-4dd3-b220-7e79704f1b03;66fcda51-33c8-4162-a8d1-0337e1d6ade3;9d3e591d-06a6-4fc4-9714-cf155a15b415;a9f0217d-f7ec-4add-950d-4e8986ab2c82,PreK-1;PreK-2;Grade 2;Kindergarten,ba4d88b6-d5d8-4dbe-9cf2-8237664c746c,Language/Literacy,069e95fd-a96f-4950-9949-89d5e04c339d,Phonics,null,null
2afcdd51-420e-4fa3-a927-7709fd58df9d,62396ee70974eeb8e00a395b,4ff300b9-5aed-4ed6-9ba1-f1c0b409c427,fa05e8cf-9eda-4673-8f0d-e40c21b50874,35,39,Class 1,live,d18aa475-2567-4061-9ac3-46dd419ec120,623011be78ad41e2ba9b8e51,1648141200,0,145edddc-2019-43d9-97e1-c5830e7ed689;21f1da64-b6c8-4e74-9fef-09d08cfd8e6c;7965d220-619d-400f-8cab-42bd98c7d23c;bb7982cd-020f-4e1a-93fc-4a6874917f07;fe0b81a4-5b02-4548-8fb0-d49cd4a4604a,6 - 7 year(s);7 - 8 year(s);3 - 4 year(s);4 - 5 year(s);5 - 6 year(s),0ecb8fa9-d77e-4dd3-b220-7e79704f1b03;66fcda51-33c8-4162-a8d1-0337e1d6ade3;9d3e591d-06a6-4fc4-9714-cf155a15b415;a9f0217d-f7ec-4add-950d-4e8986ab2c82,PreK-1;PreK-2;Grade 2;Kindergarten,ba4d88b6-d5d8-4dbe-9cf2-8237664c746c,Language/Literacy,069e95fd-a96f-4950-9949-89d5e04c339d,Phonics,null,null
2afcdd51-420e-4fa3-a927-7709fd58df9d,62396ee70974eeb8e00a395b,4ff300b9-5aed-4ed6-9ba1-f1c0b409c427,c9a4f48e-6f5f-4074-b2ea-a286c0b0c930,7,10,Class 1,live,d18aa475-2567-4061-9ac3-46dd419ec120,623011be78ad41e2ba9b8e51,1648141200,0,145edddc-2019-43d9-97e1-c5830e7ed689;21f1da64-b6c8-4e74-9fef-09d08cfd8e6c;7965d220-619d-400f-8cab-42bd98c7d23c;bb7982cd-020f-4e1a-93fc-4a6874917f07;fe0b81a4-5b02-4548-8fb0-d49cd4a4604a,6 - 7 year(s);7 - 8 year(s);3 - 4 year(s);4 - 5 year(s);5 - 6 year(s),0ecb8fa9-d77e-4dd3-b220-7e79704f1b03;66fcda51-33c8-4162-a8d1-0337e1d6ade3;9d3e591d-06a6-4fc4-9714-cf155a15b415;a9f0217d-f7ec-4add-950d-4e8986ab2c82,PreK-1;PreK-2;Grade 2;Kindergarten,ba4d88b6-d5d8-4dbe-9cf2-8237664c746c,Language/Literacy,069e95fd-a96f-4950-9949-89d5e04c339d,Phonics,null,null
2afcdd51-420e-4fa3-a927-7709fd58df9d,62396ee70974eeb8e00a395b,4ff300b9-5aed-4ed6-9ba1-f1c0b409c427,a7b78440-8bbb-443d-b659-3d3478d43c23,5,5,Class 1,live,d18aa475-2567-4061-9ac3-46dd419ec120,623011be78ad41e2ba9b8e51,1648141200,0,145edddc-2019-43d9-97e1-c5830e7ed689;21f1da64-b6c8-4e74-9fef-09d08cfd8e6c;7965d220-619d-400f-8cab-42bd98c7d23c;bb7982cd-020f-4e1a-93fc-4a6874917f07;fe0b81a4-5b02-4548-8fb0-d49cd4a4604a,6 - 7 year(s);7 - 8 year(s);3 - 4 year(s);4 - 5 year(s);5 - 6 year(s),0ecb8fa9-d77e-4dd3-b220-7e79704f1b03;66fcda51-33c8-4162-a8d1-0337e1d6ade3;9d3e591d-06a6-4fc4-9714-cf155a15b415;a9f0217d-f7ec-4add-950d-4e8986ab2c82,PreK-1;PreK-2;Grade 2;Kindergarten,ba4d88b6-d5d8-4dbe-9cf2-8237664c746c,Language/Literacy,069e95fd-a96f-4950-9949-89d5e04c339d,Phonics,null,null
2afcdd51-420e-4fa3-a927-7709fd58df9d,62396ee70974eeb8e00a395b,4ff300b9-5aed-4ed6-9ba1-f1c0b409c427,175158a0-42d1-43d3-b5b9-0893d9347658,20,20,Class 1,live,d18aa475-2567-4061-9ac3-46dd419ec120,623011be78ad41e2ba9b8e51,1648141200,0,145edddc-2019-43d9-97e1-c5830e7ed689;21f1da64-b6c8-4e74-9fef-09d08cfd8e6c;7965d220-619d-400f-8cab-42bd98c7d23c;bb7982cd-020f-4e1a-93fc-4a6874917f07;fe0b81a4-5b02-4548-8fb0-d49cd4a4604a,6 - 7 year(s);7 - 8 year(s);3 - 4 year(s);4 - 5 year(s);5 - 6 year(s),0ecb8fa9-d77e-4dd3-b220-7e79704f1b03;66fcda51-33c8-4162-a8d1-0337e1d6ade3;9d3e591d-06a6-4fc4-9714-cf155a15b415;a9f0217d-f7ec-4add-950d-4e8986ab2c82,PreK-1;PreK-2;Grade 2;Kindergarten,ba4d88b6-d5d8-4dbe-9cf2-8237664c746c,Language/Literacy,069e95fd-a96f-4950-9949-89d5e04c339d,Phonics,null,null
d51bba25-5d5e-4dab-ad47-1192eb8fc0c0,6242d9630974eeb8e00fa2f6,460b4852-faec-4567-9d45-2ddc0c6bcd09,d1e22806-c5d2-4f7a-8ed1-1b2aaa54d9e8,24,24,Maths & Phonics TOT Teaching Practice 2,live,d18aa475-2567-4061-9ac3-46dd419ec120,6242b3f8946cbd5a535609a9,1648621800,0,145edddc-2019-43d9-97e1-c5830e7ed689;21f1da64-b6c8-4e74-9fef-09d08cfd8e6c;7965d220-619d-400f-8cab-42bd98c7d23c;bb7982cd-020f-4e1a-93fc-4a6874917f07;fe0b81a4-5b02-4548-8fb0-d49cd4a4604a,6 - 7 year(s);7 - 8 year(s);3 - 4 year(s);4 - 5 year(s);5 - 6 year(s),0ecb8fa9-d77e-4dd3-b220-7e79704f1b03;66fcda51-33c8-4162-a8d1-0337e1d6ade3;9d3e591d-06a6-4fc4-9714-cf155a15b415;a9f0217d-f7ec-4add-950d-4e8986ab2c82,PreK-1;PreK-2;Grade 2;Kindergarten,ba4d88b6-d5d8-4dbe-9cf2-8237664c746c,Language/Literacy,2d5ea951-836c-471e-996e-76823a992689,None Specified,40a232cd-d6e8-4ec1-97ec-4e4df7d00a78,None Specified
d51bba25-5d5e-4dab-ad47-1192eb8fc0c0,6242d9630974eeb8e00fa2f6,460b4852-faec-4567-9d45-2ddc0c6bcd09,17da6c04-dc42-451a-a268-d5f21106d8c4,9,13,Maths & Phonics TOT Teaching Practice 2,live,d18aa475-2567-4061-9ac3-46dd419ec120,6242b3f8946cbd5a535609a9,1648621800,0,145edddc-2019-43d9-97e1-c5830e7ed689;21f1da64-b6c8-4e74-9fef-09d08cfd8e6c;7965d220-619d-400f-8cab-42bd98c7d23c;bb7982cd-020f-4e1a-93fc-4a6874917f07;fe0b81a4-5b02-4548-8fb0-d49cd4a4604a,6 - 7 year(s);7 - 8 year(s);3 - 4 year(s);4 - 5 year(s);5 - 6 year(s),0ecb8fa9-d77e-4dd3-b220-7e79704f1b03;66fcda51-33c8-4162-a8d1-0337e1d6ade3;9d3e591d-06a6-4fc4-9714-cf155a15b415;a9f0217d-f7ec-4add-950d-4e8986ab2c82,PreK-1;PreK-2;Grade 2;Kindergarten,ba4d88b6-d5d8-4dbe-9cf2-8237664c746c,Language/Literacy,2d5ea951-836c-471e-996e-76823a992689,None Specified,40a232cd-d6e8-4ec1-97ec-4e4df7d00a78,None Specified
d51bba25-5d5e-4dab-ad47-1192eb8fc0c0,6242d9630974eeb8e00fa2f6,460b4852-faec-4567-9d45-2ddc0c6bcd09,4a7e9507-1d2b-4a8c-937d-8e242ca9122a,28,28,Maths & Phonics TOT Teaching Practice 2,live,d18aa475-2567-4061-9ac3-46dd419ec120,6242b3f8946cbd5a535609a9,1648621800,0,145edddc-2019-43d9-97e1-c5830e7ed689;21f1da64-b6c8-4e74-9fef-09d08cfd8e6c;7965d220-619d-400f-8cab-42bd98c7d23c;bb7982cd-020f-4e1a-93fc-4a6874917f07;fe0b81a4-5b02-4548-8fb0-d49cd4a4604a,6 - 7 year(s);7 - 8 year(s);3 - 4 year(s);4 - 5 year(s);5 - 6 year(s),0ecb8fa9-d77e-4dd3-b220-7e79704f1b03;66fcda51-33c8-4162-a8d1-0337e1d6ade3;9d3e591d-06a6-4fc4-9714-cf155a15b415;a9f0217d-f7ec-4add-950d-4e8986ab2c82,PreK-1;PreK-2;Grade 2;Kindergarten,ba4d88b6-d5d8-4dbe-9cf2-8237664c746c,Language/Literacy,2d5ea951-836c-471e-996e-76823a992689,None Specified,40a232cd-d6e8-4ec1-97ec-4e4df7d00a78,None Specified
d51bba25-5d5e-4dab-ad47-1192eb8fc0c0,6242d9630974eeb8e00fa2f6,460b4852-faec-4567-9d45-2ddc0c6bcd09,4cf17863-0fbb-4cc9-b029-8461d5857a4d,2,2,Maths & Phonics TOT Teaching Practice 2,live,d18aa475-2567-4061-9ac3-46dd419ec120,6242b3f8946cbd5a535609a9,1648621800,0,145edddc-2019-43d9-97e1-c5830e7ed689;21f1da64-b6c8-4e74-9fef-09d08cfd8e6c;7965d220-619d-400f-8cab-42bd98c7d23c;bb7982cd-020f-4e1a-93fc-4a6874917f07;fe0b81a4-5b02-4548-8fb0-d49cd4a4604a,6 - 7 year(s);7 - 8 year(s);3 - 4 year(s);4 - 5 year(s);5 - 6 year(s),0ecb8fa9-d77e-4dd3-b220-7e79704f1b03;66fcda51-33c8-4162-a8d1-0337e1d6ade3;9d3e591d-06a6-4fc4-9714-cf155a15b415;a9f0217d-f7ec-4add-950d-4e8986ab2c82,PreK-1;PreK-2;Grade 2;Kindergarten,ba4d88b6-d5d8-4dbe-9cf2-8237664c746c,Language/Literacy,2d5ea951-836c-471e-996e-76823a992689,None Specified,40a232cd-d6e8-4ec1-97ec-4e4df7d00a78,None Specified
d51bba25-5d5e-4dab-ad47-1192eb8fc0c0,6242d9630974eeb8e00fa2f6,460b4852-faec-4567-9d45-2ddc0c6bcd09,66c6195f-307b-451f-8b65-39e5106cb494,5,8,Maths & Phonics TOT Teaching Practice 2,live,d18aa475-2567-4061-9ac3-46dd419ec120,6242b3f8946cbd5a535609a9,1648621800,0,145edddc-2019-43d9-97e1-c5830e7ed689;21f1da64-b6c8-4e74-9fef-09d08cfd8e6c;7965d220-619d-400f-8cab-42bd98c7d23c;bb7982cd-020f-4e1a-93fc-4a6874917f07;fe0b81a4-5b02-4548-8fb0-d49cd4a4604a,6 - 7 year(s);7 - 8 year(s);3 - 4 year(s);4 - 5 year(s);5 - 6 year(s),0ecb8fa9-d77e-4dd3-b220-7e79704f1b03;66fcda51-33c8-4162-a8d1-0337e1d6ade3;9d3e591d-06a6-4fc4-9714-cf155a15b415;a9f0217d-f7ec-4add-950d-4e8986ab2c82,PreK-1;PreK-2;Grade 2;Kindergarten,ba4d88b6-d5d8-4dbe-9cf2-8237664c746c,Language/Literacy,2d5ea951-836c-471e-996e-76823a992689,None Specified,40a232cd-d6e8-4ec1-97ec-4e4df7d00a78,None Specified
d51bba25-5d5e-4dab-ad47-1192eb8fc0c0,6242d9630974eeb8e00fa2f6,460b4852-faec-4567-9d45-2ddc0c6bcd09,5fea767b-ee5f-42a2-8e61-637239c31189,6,10,Maths & Phonics TOT Teaching Practice 2,live,d18aa475-2567-4061-9ac3-46dd419ec120,6242b3f8946cbd5a535609a9,1648621800,0,145edddc-2019-43d9-97e1-c5830e7ed689;21f1da64-b6c8-4e74-9fef-09d08cfd8e6c;7965d220-619d-400f-8cab-42bd98c7d23c;bb7982cd-020f-4e1a-93fc-4a6874917f07;fe0b81a4-5b02-4548-8fb0-d49cd4a4604a,6 - 7 year(s);7 - 8 year(s);3 - 4 year(s);4 - 5 year(s);5 - 6 year(s),0ecb8fa9-d77e-4dd3-b220-7e79704f1b03;66fcda51-33c8-4162-a8d1-0337e1d6ade3;9d3e591d-06a6-4fc4-9714-cf155a15b415;a9f0217d-f7ec-4add-950d-4e8986ab2c82,PreK-1;PreK-2;Grade 2;Kindergarten,ba4d88b6-d5d8-4dbe-9cf2-8237664c746c,Language/Literacy,2d5ea951-836c-471e-996e-76823a992689,None Specified,40a232cd-d6e8-4ec1-97ec-4e4df7d00a78,None Specified
d51bba25-5d5e-4dab-ad47-1192eb8fc0c0,6242d9630974eeb8e00fa2f6,460b4852-faec-4567-9d45-2ddc0c6bcd09,28e44eba-7b8d-4d0e-a3be-a63b51b7b4c8,4,4,Maths & Phonics TOT Teaching Practice 2,live,d18aa475-2567-4061-9ac3-46dd419ec120,6242b3f8946cbd5a535609a9,1648621800,0,145edddc-2019-43d9-97e1-c5830e7ed689;21f1da64-b6c8-4e74-9fef-09d08cfd8e6c;7965d220-619d-400f-8cab-42bd98c7d23c;bb7982cd-020f-4e1a-93fc-4a6874917f07;fe0b81a4-5b02-4548-8fb0-d49cd4a4604a,6 - 7 year(s);7 - 8 year(s);3 - 4 year(s);4 - 5 year(s);5 - 6 year(s),0ecb8fa9-d77e-4dd3-b220-7e79704f1b03;66fcda51-33c8-4162-a8d1-0337e1d6ade3;9d3e591d-06a6-4fc4-9714-cf155a15b415;a9f0217d-f7ec-4add-950d-4e8986ab2c82,PreK-1;PreK-2;Grade 2;Kindergarten,ba4d88b6-d5d8-4dbe-9cf2-8237664c746c,Language/Literacy,2d5ea951-836c-471e-996e-76823a992689,None Specified,40a232cd-d6e8-4ec1-97ec-4e4df7d00a78,None Specified
d51bba25-5d5e-4dab-ad47-1192eb8fc0c0,6242d9630974eeb8e00fa2f6,460b4852-faec-4567-9d45-2ddc0c6bcd09,d89bd036-ec02-438c-8848-7b9c84f58d24,2,2,Maths & Phonics TOT Teaching Practice 2,live,d18aa475-2567-4061-9ac3-46dd419ec120,6242b3f8946cbd5a535609a9,1648621800,0,145edddc-2019-43d9-97e1-c5830e7ed689;21f1da64-b6c8-4e74-9fef-09d08cfd8e6c;7965d220-619d-400f-8cab-42bd98c7d23c;bb7982cd-020f-4e1a-93fc-4a6874917f07;fe0b81a4-5b02-4548-8fb0-d49cd4a4604a,6 - 7 year(s);7 - 8 year(s);3 - 4 year(s);4 - 5 year(s);5 - 6 year(s),0ecb8fa9-d77e-4dd3-b220-7e79704f1b03;66fcda51-33c8-4162-a8d1-0337e1d6ade3;9d3e591d-06a6-4fc4-9714-cf155a15b415;a9f0217d-f7ec-4add-950d-4e8986ab2c82,PreK-1;PreK-2;Grade 2;Kindergarten,ba4d88b6-d5d8-4dbe-9cf2-8237664c746c,Language/Literacy,2d5ea951-836c-471e-996e-76823a992689,None Specified,40a232cd-d6e8-4ec1-97ec-4e4df7d00a78,None Specified
b4e517f0-e128-4c57-9cfa-265401fe3959,60ee8a5a7e01f8cc253b4ec9,5f668d82-255c-4971-8d3d-9d3b205ace18,bcef0348-ccd8-43c6-b0e7-abcad7a461b3,29,30,School 1 - Class A1,live,75004121-0c0d-486c-ba65-4c57deacb44b,60ebc10e940c19a3552c568e,1626246000,0,145edddc-2019-43d9-97e1-c5830e7ed689;7965d220-619d-400f-8cab-42bd98c7d23c;bb7982cd-020f-4e1a-93fc-4a6874917f07;fe0b81a4-5b02-4548-8fb0-d49cd4a4604a,6 - 7 year(s);3 - 4 year(s);4 - 5 year(s);5 - 6 year(s),0ecb8fa9-d77e-4dd3-b220-7e79704f1b03;66fcda51-33c8-4162-a8d1-0337e1d6ade3;a9f0217d-f7ec-4add-950d-4e8986ab2c82,PreK-1;PreK-2;Kindergarten,20d6ca2f-13df-4a7a-8dcb-955908db7baa,Language/Literacy,84b8f87a-7b61-4580-a190-a9ce3fe90dd3,Speech & Language Skills,40a232cd-d6e8-4ec1-97ec-4e4df7d00a78,None Specified
94c33343-0736-4100-9c61-704f098b2453,60fa262ba6737e546a9ca777,82c608c3-3de2-4ea6-b5e2-358ab7f7cc11,b2f7136b-7eaa-440a-8942-b18218ab4239,21,21,Class1A,live,7565ae11-8130-4b7d-ac24-1d9dd6f792f2,60fa256ca6737e546a9ca759,1627007400,0,023eeeb1-5f72-4fa3-a2a7-63603607ac2b,None Specified,null,null,5e9a201e-9c2f-4a92-bb6f-1ccf8177bb71,None Specified,2d5ea951-836c-471e-996e-76823a992689,None Specified,40a232cd-d6e8-4ec1-97ec-4e4df7d00a78,None Specified
94c33343-0736-4100-9c61-704f098b2453,60fa262ba6737e546a9ca777,82c608c3-3de2-4ea6-b5e2-358ab7f7cc11,21c9beb9-ae74-4447-9e4f-3582cae53774,4,4,Class1A,live,7565ae11-8130-4b7d-ac24-1d9dd6f792f2,60fa256ca6737e546a9ca759,1627007400,0,023eeeb1-5f72-4fa3-a2a7-63603607ac2b,None Specified,null,null,5e9a201e-9c2f-4a92-bb6f-1ccf8177bb71,None Specified,2d5ea951-836c-471e-996e-76823a992689,None Specified,40a232cd-d6e8-4ec1-97ec-4e4df7d00a78,None Specified
94c33343-0736-4100-9c61-704f098b2453,60fa262ba6737e546a9ca777,82c608c3-3de2-4ea6-b5e2-358ab7f7cc11,9ef4b814-2f96-4a73-9a13-f64af4e0ead9,21,21,Class1A,live,7565ae11-8130-4b7d-ac24-1d9dd6f792f2,60fa256ca6737e546a9ca759,1627007400,0,023eeeb1-5f72-4fa3-a2a7-63603607ac2b,None Specified,null,null,5e9a201e-9c2f-4a92-bb6f-1ccf8177bb71,None Specified,2d5ea951-836c-471e-996e-76823a992689,None Specified,40a232cd-d6e8-4ec1-97ec-4e4df7d00a78,None Specified
ab54b78e-7f6f-4464-8022-27413d1af20f,61051cc3fe0d321968f7e071,20f7c231-4d39-4e63-a57b-4754c81f73cb,d7a7ebf1-63bc-4dc2-96b7-fd4b1217265f,24,24,"TuoiTho-2021-2,3,4",live,6427e3f8-9bc0-470b-927b-38d7136de8af,610355662dd069c109c3ca48,1627801800,0,7965d220-619d-400f-8cab-42bd98c7d23c;bb7982cd-020f-4e1a-93fc-4a6874917f07;fe0b81a4-5b02-4548-8fb0-d49cd4a4604a,3 - 4 year(s);4 - 5 year(s);5 - 6 year(s),a9f0217d-f7ec-4add-950d-4e8986ab2c82,Kindergarten,aefe49a0-48ce-47d6-93a6-ab0a783df798,ESL,3298009d-e299-4535-a9b3-fb7bdf352c02,Oral Language,b419a394-e3da-4c2e-a0d5-34bc0c54e767,Vocabulary
ab54b78e-7f6f-4464-8022-27413d1af20f,61051cc3fe0d321968f7e071,20f7c231-4d39-4e63-a57b-4754c81f73cb,64ebb73d-6a47-45b3-9b59-94d579978021,3,3,"TuoiTho-2021-2,3,4",live,6427e3f8-9bc0-470b-927b-38d7136de8af,610355662dd069c109c3ca48,1627801800,0,7965d220-619d-400f-8cab-42bd98c7d23c;bb7982cd-020f-4e1a-93fc-4a6874917f07;fe0b81a4-5b02-4548-8fb0-d49cd4a4604a,3 - 4 year(s);4 - 5 year(s);5 - 6 year(s),a9f0217d-f7ec-4add-950d-4e8986ab2c82,Kindergarten,aefe49a0-48ce-47d6-93a6-ab0a783df798,ESL,3298009d-e299-4535-a9b3-fb7bdf352c02,Oral Language,b419a394-e3da-4c2e-a0d5-34bc0c54e767,Vocabulary
ab54b78e-7f6f-4464-8022-27413d1af20f,61051cc3fe0d321968f7e071,20f7c231-4d39-4e63-a57b-4754c81f73cb,dbc561dd-0c24-436a-aa61-5fac80fb6464,3,3,"TuoiTho-2021-2,3,4",live,6427e3f8-9bc0-470b-927b-38d7136de8af,610355662dd069c109c3ca48,1627801800,0,7965d220-619d-400f-8cab-42bd98c7d23c;bb7982cd-020f-4e1a-93fc-4a6874917f07;fe0b81a4-5b02-4548-8fb0-d49cd4a4604a,3 - 4 year(s);4 - 5 year(s);5 - 6 year(s),a9f0217d-f7ec-4add-950d-4e8986ab2c82,Kindergarten,aefe49a0-48ce-47d6-93a6-ab0a783df798,ESL,3298009d-e299-4535-a9b3-fb7bdf352c02,Oral Language,b419a394-e3da-4c2e-a0d5-34bc0c54e767,Vocabulary
ab54b78e-7f6f-4464-8022-27413d1af20f,61051cc3fe0d321968f7e071,20f7c231-4d39-4e63-a57b-4754c81f73cb,4df48d1b-66b2-4f0a-a5cc-ce985564c4c8,3,3,"TuoiTho-2021-2,3,4",live,6427e3f8-9bc0-470b-927b-38d7136de8af,610355662dd069c109c3ca48,1627801800,0,7965d220-619d-400f-8cab-42bd98c7d23c;bb7982cd-020f-4e1a-93fc-4a6874917f07;fe0b81a4-5b02-4548-8fb0-d49cd4a4604a,3 - 4 year(s);4 - 5 year(s);5 - 6 year(s),a9f0217d-f7ec-4add-950d-4e8986ab2c82,Kindergarten,aefe49a0-48ce-47d6-93a6-ab0a783df798,ESL,3298009d-e299-4535-a9b3-fb7bdf352c02,Oral Language,b419a394-e3da-4c2e-a0d5-34bc0c54e767,Vocabulary
ab54b78e-7f6f-4464-8022-27413d1af20f,61051cc3fe0d321968f7e071,20f7c231-4d39-4e63-a57b-4754c81f73cb,52fb78d0-cbd2-4a46-98fa-34bbeb740171,24,28,"TuoiTho-2021-2,3,4",live,6427e3f8-9bc0-470b-927b-38d7136de8af,610355662dd069c109c3ca48,1627801800,0,7965d220-619d-400f-8cab-42bd98c7d23c;bb7982cd-020f-4e1a-93fc-4a6874917f07;fe0b81a4-5b02-4548-8fb0-d49cd4a4604a,3 - 4 year(s);4 - 5 year(s);5 - 6 year(s),a9f0217d-f7ec-4add-950d-4e8986ab2c82,Kindergarten,aefe49a0-48ce-47d6-93a6-ab0a783df798,ESL,3298009d-e299-4535-a9b3-fb7bdf352c02,Oral Language,b419a394-e3da-4c2e-a0d5-34bc0c54e767,Vocabulary
ab54b78e-7f6f-4464-8022-27413d1af20f,61051cc3fe0d321968f7e071,20f7c231-4d39-4e63-a57b-4754c81f73cb,c6af0935-30d4-41d4-ae79-19a363a91adf,2,3,"TuoiTho-2021-2,3,4",live,6427e3f8-9bc0-470b-927b-38d7136de8af,610355662dd069c109c3ca48,1627801800,0,7965d220-619d-400f-8cab-42bd98c7d23c;bb7982cd-020f-4e1a-93fc-4a6874917f07;fe0b81a4-5b02-4548-8fb0-d49cd4a4604a,3 - 4 year(s);4 - 5 year(s);5 - 6 year(s),a9f0217d-f7ec-4add-950d-4e8986ab2c82,Kindergarten,aefe49a0-48ce-47d6-93a6-ab0a783df798,ESL,3298009d-e299-4535-a9b3-fb7bdf352c02,Oral Language,b419a394-e3da-4c2e-a0d5-34bc0c54e767,Vocabulary
ab54b78e-7f6f-4464-8022-27413d1af20f,61051cc3fe0d321968f7e071,20f7c231-4d39-4e63-a57b-4754c81f73cb,c1c9ea21-d1c9-4c19-9fc3-dd4d5e3db869,6,9,"TuoiTho-2021-2,3,4",live,6427e3f8-9bc0-470b-927b-38d7136de8af,610355662dd069c109c3ca48,1627801800,0,7965d220-619d-400f-8cab-42bd98c7d23c;bb7982cd-020f-4e1a-93fc-4a6874917f07;fe0b81a4-5b02-4548-8fb0-d49cd4a4604a,3 - 4 year(s);4 - 5 year(s);5 - 6 year(s),a9f0217d-f7ec-4add-950d-4e8986ab2c82,Kindergarten,aefe49a0-48ce-47d6-93a6-ab0a783df798,ESL,3298009d-e299-4535-a9b3-fb7bdf352c02,Oral Language,b419a394-e3da-4c2e-a0d5-34bc0c54e767,Vocabulary
ab54b78e-7f6f-4464-8022-27413d1af20f,610533d670d44dec23ef2dfc,566f66dd-3469-47d3-8f1b-e218c87db6b4,20c95dc3-4f2d-47cf-99a5-cbb6b6425bca,3,3,SenHong-2021-3,live,6427e3f8-9bc0-470b-927b-38d7136de8af,610355662dd069c109c3ca48,1627801800,0,7965d220-619d-400f-8cab-42bd98c7d23c;bb7982cd-020f-4e1a-93fc-4a6874917f07;fe0b81a4-5b02-4548-8fb0-d49cd4a4604a,3 - 4 year(s);4 - 5 year(s);5 - 6 year(s),a9f0217d-f7ec-4add-950d-4e8986ab2c82,Kindergarten,aefe49a0-48ce-47d6-93a6-ab0a783df798,ESL,3298009d-e299-4535-a9b3-fb7bdf352c02,Oral Language,b419a394-e3da-4c2e-a0d5-34bc0c54e767,Vocabulary
ab54b78e-7f6f-4464-8022-27413d1af20f,610533d670d44dec23ef2dfc,566f66dd-3469-47d3-8f1b-e218c87db6b4,3921c4d5-e030-45f4-9ea7-ef276b7199dc,16,16,SenHong-2021-3,live,6427e3f8-9bc0-470b-927b-38d7136de8af,610355662dd069c109c3ca48,1627801800,0,7965d220-619d-400f-8cab-42bd98c7d23c;bb7982cd-020f-4e1a-93fc-4a6874917f07;fe0b81a4-5b02-4548-8fb0-d49cd4a4604a,3 - 4 year(s);4 - 5 year(s);5 - 6 year(s),a9f0217d-f7ec-4add-950d-4e8986ab2c82,Kindergarten,aefe49a0-48ce-47d6-93a6-ab0a783df798,ESL,3298009d-e299-4535-a9b3-fb7bdf352c02,Oral Language,b419a394-e3da-4c2e-a0d5-34bc0c54e767,Vocabulary
9d42af2a-d943-4bb7-84d8-9e2e28b0e290,619e0db0ec9d8644f5c7bc5b,53b45f78-c1e1-4c55-ade6-90a6c1ea13c0,2ab5da37-b3cb-59cb-aa6a-3a0ea5b8e2a3,12,13,Class1,live,75004121-0c0d-486c-ba65-4c57deacb44b,619dd59dec9d8644f5c78313,1637748600,0,145edddc-2019-43d9-97e1-c5830e7ed689;7965d220-619d-400f-8cab-42bd98c7d23c;bb7982cd-020f-4e1a-93fc-4a6874917f07;fe0b81a4-5b02-4548-8fb0-d49cd4a4604a,6 - 7 year(s);3 - 4 year(s);4 - 5 year(s);5 - 6 year(s),0ecb8fa9-d77e-4dd3-b220-7e79704f1b03;66fcda51-33c8-4162-a8d1-0337e1d6ade3;a9f0217d-f7ec-4add-950d-4e8986ab2c82,PreK-1;PreK-2;Kindergarten,20d6ca2f-13df-4a7a-8dcb-955908db7baa,Language/Literacy,84b8f87a-7b61-4580-a190-a9ce3fe90dd3,Speech & Language Skills,40a232cd-d6e8-4ec1-97ec-4e4df7d00a78,None Specified
9d42af2a-d943-4bb7-84d8-9e2e28b0e290,619e0db0ec9d8644f5c7bc5b,53b45f78-c1e1-4c55-ade6-90a6c1ea13c0,fe16942d-48e1-5b50-a145-bd312afc51da,4,12,Class1,live,75004121-0c0d-486c-ba65-4c57deacb44b,619dd59dec9d8644f5c78313,1637748600,0,145edddc-2019-43d9-97e1-c5830e7ed689;7965d220-619d-400f-8cab-42bd98c7d23c;bb7982cd-020f-4e1a-93fc-4a6874917f07;fe0b81a4-5b02-4548-8fb0-d49cd4a4604a,6 - 7 year(s);3 - 4 year(s);4 - 5 year(s);5 - 6 year(s),0ecb8fa9-d77e-4dd3-b220-7e79704f1b03;66fcda51-33c8-4162-a8d1-0337e1d6ade3;a9f0217d-f7ec-4add-950d-4e8986ab2c82,PreK-1;PreK-2;Kindergarten,20d6ca2f-13df-4a7a-8dcb-955908db7baa,Language/Literacy,84b8f87a-7b61-4580-a190-a9ce3fe90dd3,Speech & Language Skills,40a232cd-d6e8-4ec1-97ec-4e4df7d00a78,None Specified
94c33343-0736-4100-9c61-704f098b2453,620de48730505c771ecf0e77,13d94984-0bfa-4d1a-b01c-927f8fa3c86e,21c9beb9-ae74-4447-9e4f-3582cae53774,7,9,Class1B,live,75004121-0c0d-486c-ba65-4c57deacb44b,61f3a3aac0dfd212a8bee557,1645078200,0,145edddc-2019-43d9-97e1-c5830e7ed689;7965d220-619d-400f-8cab-42bd98c7d23c;bb7982cd-020f-4e1a-93fc-4a6874917f07;fe0b81a4-5b02-4548-8fb0-d49cd4a4604a,6 - 7 year(s);3 - 4 year(s);4 - 5 year(s);5 - 6 year(s),0ecb8fa9-d77e-4dd3-b220-7e79704f1b03;66fcda51-33c8-4162-a8d1-0337e1d6ade3;a9f0217d-f7ec-4add-950d-4e8986ab2c82,PreK-1;PreK-2;Kindergarten,20d6ca2f-13df-4a7a-8dcb-955908db7baa,Language/Literacy,ce9014a4-01a9-49d5-bf10-6b08bc454fc1,Fine Motor Skills,null,null
94c33343-0736-4100-9c61-704f098b2453,620de48730505c771ecf0e77,13d94984-0bfa-4d1a-b01c-927f8fa3c86e,9ef4b814-2f96-4a73-9a13-f64af4e0ead9,20,31,Class1B,live,75004121-0c0d-486c-ba65-4c57deacb44b,61f3a3aac0dfd212a8bee557,1645078200,0,145edddc-2019-43d9-97e1-c5830e7ed689;7965d220-619d-400f-8cab-42bd98c7d23c;bb7982cd-020f-4e1a-93fc-4a6874917f07;fe0b81a4-5b02-4548-8fb0-d49cd4a4604a,6 - 7 year(s);3 - 4 year(s);4 - 5 year(s);5 - 6 year(s),0ecb8fa9-d77e-4dd3-b220-7e79704f1b03;66fcda51-33c8-4162-a8d1-0337e1d6ade3;a9f0217d-f7ec-4add-950d-4e8986ab2c82,PreK-1;PreK-2;Kindergarten,20d6ca2f-13df-4a7a-8dcb-955908db7baa,Language/Literacy,ce9014a4-01a9-49d5-bf10-6b08bc454fc1,Fine Motor Skills,null,null
94c33343-0736-4100-9c61-704f098b2453,620de48730505c771ecf0e77,13d94984-0bfa-4d1a-b01c-927f8fa3c86e,b2f7136b-7eaa-440a-8942-b18218ab4239,5,6,Class1B,live,75004121-0c0d-486c-ba65-4c57deacb44b,61f3a3aac0dfd212a8bee557,1645078200,0,145edddc-2019-43d9-97e1-c5830e7ed689;7965d220-619d-400f-8cab-42bd98c7d23c;bb7982cd-020f-4e1a-93fc-4a6874917f07;fe0b81a4-5b02-4548-8fb0-d49cd4a4604a,6 - 7 year(s);3 - 4 year(s);4 - 5 year(s);5 - 6 year(s),0ecb8fa9-d77e-4dd3-b220-7e79704f1b03;66fcda51-33c8-4162-a8d1-0337e1d6ade3;a9f0217d-f7ec-4add-950d-4e8986ab2c82,PreK-1;PreK-2;Kindergarten,20d6ca2f-13df-4a7a-8dcb-955908db7baa,Language/Literacy,ce9014a4-01a9-49d5-bf10-6b08bc454fc1,Fine Motor Skills,null,null
ab54b78e-7f6f-4464-8022-27413d1af20f,610532f170d44dec23ef2de6,4bed81a4-fc41-4cfb-8d05-577eb505089f,86748697-de35-4911-ac84-a04030c51c2e,12,12,HuongDuong-2021-4,live,6427e3f8-9bc0-470b-927b-38d7136de8af,610355662dd069c109c3ca48,1627809000,0,7965d220-619d-400f-8cab-42bd98c7d23c;bb7982cd-020f-4e1a-93fc-4a6874917f07;fe0b81a4-5b02-4548-8fb0-d49cd4a4604a,3 - 4 year(s);4 - 5 year(s);5 - 6 year(s),a9f0217d-f7ec-4add-950d-4e8986ab2c82,Kindergarten,aefe49a0-48ce-47d6-93a6-ab0a783df798,ESL,3298009d-e299-4535-a9b3-fb7bdf352c02,Oral Language,b419a394-e3da-4c2e-a0d5-34bc0c54e767,Vocabulary
ab54b78e-7f6f-4464-8022-27413d1af20f,610532f170d44dec23ef2de6,4bed81a4-fc41-4cfb-8d05-577eb505089f,b4fba9e3-b746-49f1-959c-44a839c91fc8,12,12,HuongDuong-2021-4,live,6427e3f8-9bc0-470b-927b-38d7136de8af,610355662dd069c109c3ca48,1627809000,0,7965d220-619d-400f-8cab-42bd98c7d23c;bb7982cd-020f-4e1a-93fc-4a6874917f07;fe0b81a4-5b02-4548-8fb0-d49cd4a4604a,3 - 4 year(s);4 - 5 year(s);5 - 6 year(s),a9f0217d-f7ec-4add-950d-4e8986ab2c82,Kindergarten,aefe49a0-48ce-47d6-93a6-ab0a783df798,ESL,3298009d-e299-4535-a9b3-fb7bdf352c02,Oral Language,b419a394-e3da-4c2e-a0d5-34bc0c54e767,Vocabulary
ab54b78e-7f6f-4464-8022-27413d1af20f,610532f170d44dec23ef2de6,4bed81a4-fc41-4cfb-8d05-577eb505089f,20c95dc3-4f2d-47cf-99a5-cbb6b6425bca,3,3,HuongDuong-2021-4,live,6427e3f8-9bc0-470b-927b-38d7136de8af,610355662dd069c109c3ca48,1627809000,0,7965d220-619d-400f-8cab-42bd98c7d23c;bb7982cd-020f-4e1a-93fc-4a6874917f07;fe0b81a4-5b02-4548-8fb0-d49cd4a4604a,3 - 4 year(s);4 - 5 year(s);5 - 6 year(s),a9f0217d-f7ec-4add-950d-4e8986ab2c82,Kindergarten,aefe49a0-48ce-47d6-93a6-ab0a783df798,ESL,3298009d-e299-4535-a9b3-fb7bdf352c02,Oral Language,b419a394-e3da-4c2e-a0d5-34bc0c54e767,Vocabulary
b4e517f0-e128-4c57-9cfa-265401fe3959,61aedbaad35c211996a04902,5f668d82-255c-4971-8d3d-9d3b205ace18,47f19b47-29e7-4a1d-a366-353489cf33f5,1,4,School 1 - Class A1,live,75004121-0c0d-486c-ba65-4c57deacb44b,60e6b7cc46a0f3644ee636c9,1638849600,0,145edddc-2019-43d9-97e1-c5830e7ed689;7965d220-619d-400f-8cab-42bd98c7d23c;bb7982cd-020f-4e1a-93fc-4a6874917f07;fe0b81a4-5b02-4548-8fb0-d49cd4a4604a,6 - 7 year(s);3 - 4 year(s);4 - 5 year(s);5 - 6 year(s),0ecb8fa9-d77e-4dd3-b220-7e79704f1b03;66fcda51-33c8-4162-a8d1-0337e1d6ade3;a9f0217d-f7ec-4add-950d-4e8986ab2c82,PreK-1;PreK-2;Kindergarten,20d6ca2f-13df-4a7a-8dcb-955908db7baa,Language/Literacy,84b8f87a-7b61-4580-a190-a9ce3fe90dd3,Speech & Language Skills,40a232cd-d6e8-4ec1-97ec-4e4df7d00a78,None Specified
b4e517f0-e128-4c57-9cfa-265401fe3959,61aedbaad35c211996a04902,5f668d82-255c-4971-8d3d-9d3b205ace18,5f9b0cf2-1b62-4d72-bba9-919a11aad02f,3,3,School 1 - Class A1,live,75004121-0c0d-486c-ba65-4c57deacb44b,60e6b7cc46a0f3644ee636c9,1638849600,0,145edddc-2019-43d9-97e1-c5830e7ed689;7965d220-619d-400f-8cab-42bd98c7d23c;bb7982cd-020f-4e1a-93fc-4a6874917f07;fe0b81a4-5b02-4548-8fb0-d49cd4a4604a,6 - 7 year(s);3 - 4 year(s);4 - 5 year(s);5 - 6 year(s),0ecb8fa9-d77e-4dd3-b220-7e79704f1b03;66fcda51-33c8-4162-a8d1-0337e1d6ade3;a9f0217d-f7ec-4add-950d-4e8986ab2c82,PreK-1;PreK-2;Kindergarten,20d6ca2f-13df-4a7a-8dcb-955908db7baa,Language/Literacy,84b8f87a-7b61-4580-a190-a9ce3fe90dd3,Speech & Language Skills,40a232cd-d6e8-4ec1-97ec-4e4df7d00a78,None Specified
94c33343-0736-4100-9c61-704f098b2453,61e92c2f129b751002d8798a,13d94984-0bfa-4d1a-b01c-927f8fa3c86e,051347df-2182-42d8-bfab-6fc6e3c5ba39,5,14,Class1B,study,75004121-0c0d-486c-ba65-4c57deacb44b,6178f1de6c18146d45b49876,0,1642697999,145edddc-2019-43d9-97e1-c5830e7ed689;7965d220-619d-400f-8cab-42bd98c7d23c;bb7982cd-020f-4e1a-93fc-4a6874917f07;fe0b81a4-5b02-4548-8fb0-d49cd4a4604a,6 - 7 year(s);3 - 4 year(s);4 - 5 year(s);5 - 6 year(s),0ecb8fa9-d77e-4dd3-b220-7e79704f1b03;66fcda51-33c8-4162-a8d1-0337e1d6ade3;a9f0217d-f7ec-4add-950d-4e8986ab2c82,PreK-1;PreK-2;Kindergarten,20d6ca2f-13df-4a7a-8dcb-955908db7baa,Language/Literacy,ce9014a4-01a9-49d5-bf10-6b08bc454fc1,Fine Motor Skills,963729a4-7853-49d2-b75d-2c61d291afee,Sensory
b4e517f0-e128-4c57-9cfa-265401fe3959,62381942946cbd5a5350b75c,0f334e87-3e05-40e2-9823-2b15f824ccf9,1f9a6610-90e5-425a-8063-9ca351189912,1,4,class 007,study,75004121-0c0d-486c-ba65-4c57deacb44b,61911e249f058d36db983527,0,1647881999,145edddc-2019-43d9-97e1-c5830e7ed689;7965d220-619d-400f-8cab-42bd98c7d23c;bb7982cd-020f-4e1a-93fc-4a6874917f07;fe0b81a4-5b02-4548-8fb0-d49cd4a4604a,6 - 7 year(s);3 - 4 year(s);4 - 5 year(s);5 - 6 year(s),0ecb8fa9-d77e-4dd3-b220-7e79704f1b03;66fcda51-33c8-4162-a8d1-0337e1d6ade3;a9f0217d-f7ec-4add-950d-4e8986ab2c82,PreK-1;PreK-2;Kindergarten,20d6ca2f-13df-4a7a-8dcb-955908db7baa,Language/Literacy,84b8f87a-7b61-4580-a190-a9ce3fe90dd3,Speech & Language Skills,2d1152a3-fb03-4c4e-aeba-98856c3241bd,Vocabulary
ab54b78e-7f6f-4464-8022-27413d1af20f,623a08309f5ecd25bbaa3a9a,d0309c56-c4d9-40e3-8286-4a525901699c,752ca90d-047f-4666-90fe-c5477300736a,9,10,TBL-2021-3,live,75004121-0c0d-486c-ba65-4c57deacb44b,619db3d5635376836c016eb5,1648036800,0,145edddc-2019-43d9-97e1-c5830e7ed689;7965d220-619d-400f-8cab-42bd98c7d23c;bb7982cd-020f-4e1a-93fc-4a6874917f07;fe0b81a4-5b02-4548-8fb0-d49cd4a4604a,6 - 7 year(s);3 - 4 year(s);4 - 5 year(s);5 - 6 year(s),0ecb8fa9-d77e-4dd3-b220-7e79704f1b03;66fcda51-33c8-4162-a8d1-0337e1d6ade3;a9f0217d-f7ec-4add-950d-4e8986ab2c82,PreK-1;PreK-2;Kindergarten,20d6ca2f-13df-4a7a-8dcb-955908db7baa,Language/Literacy,84b8f87a-7b61-4580-a190-a9ce3fe90dd3,Speech & Language Skills,40a232cd-d6e8-4ec1-97ec-4e4df7d00a78,None Specified
ab54b78e-7f6f-4464-8022-27413d1af20f,623a08309f5ecd25bbaa3a9a,d0309c56-c4d9-40e3-8286-4a525901699c,acb2fe80-7fcc-4b84-a504-17ae9c5711ad,11,20,TBL-2021-3,live,75004121-0c0d-486c-ba65-4c57deacb44b,619db3d5635376836c016eb5,1648036800,0,145edddc-2019-43d9-97e1-c5830e7ed689;7965d220-619d-400f-8cab-42bd98c7d23c;bb7982cd-020f-4e1a-93fc-4a6874917f07;fe0b81a4-5b02-4548-8fb0-d49cd4a4604a,6 - 7 year(s);3 - 4 year(s);4 - 5 year(s);5 - 6 year(s),0ecb8fa9-d77e-4dd3-b220-7e79704f1b03;66fcda51-33c8-4162-a8d1-0337e1d6ade3;a9f0217d-f7ec-4add-950d-4e8986ab2c82,PreK-1;PreK-2;Kindergarten,20d6ca2f-13df-4a7a-8dcb-955908db7baa,Language/Literacy,84b8f87a-7b61-4580-a190-a9ce3fe90dd3,Speech & Language Skills,40a232cd-d6e8-4ec1-97ec-4e4df7d00a78,None Specified
d51bba25-5d5e-4dab-ad47-1192eb8fc0c0,6242da770974eeb8e00fa392,f7c979c6-331b-4603-b261-8e6d63a297c9,17da6c04-dc42-451a-a268-d5f21106d8c4,0,4,Maths & Phonics TOT Teaching Practice 1,live,d18aa475-2567-4061-9ac3-46dd419ec120,6242b3f8946cbd5a535609a9,1648605600,0,145edddc-2019-43d9-97e1-c5830e7ed689;21f1da64-b6c8-4e74-9fef-09d08cfd8e6c;7965d220-619d-400f-8cab-42bd98c7d23c;bb7982cd-020f-4e1a-93fc-4a6874917f07;fe0b81a4-5b02-4548-8fb0-d49cd4a4604a,6 - 7 year(s);7 - 8 year(s);3 - 4 year(s);4 - 5 year(s);5 - 6 year(s),0ecb8fa9-d77e-4dd3-b220-7e79704f1b03;66fcda51-33c8-4162-a8d1-0337e1d6ade3;9d3e591d-06a6-4fc4-9714-cf155a15b415;a9f0217d-f7ec-4add-950d-4e8986ab2c82,PreK-1;PreK-2;Grade 2;Kindergarten,ba4d88b6-d5d8-4dbe-9cf2-8237664c746c,Language/Literacy,2d5ea951-836c-471e-996e-76823a992689,None Specified,40a232cd-d6e8-4ec1-97ec-4e4df7d00a78,None Specified
d51bba25-5d5e-4dab-ad47-1192eb8fc0c0,6242da770974eeb8e00fa392,f7c979c6-331b-4603-b261-8e6d63a297c9,d1e22806-c5d2-4f7a-8ed1-1b2aaa54d9e8,27,28,Maths & Phonics TOT Teaching Practice 1,live,d18aa475-2567-4061-9ac3-46dd419ec120,6242b3f8946cbd5a535609a9,1648605600,0,145edddc-2019-43d9-97e1-c5830e7ed689;21f1da64-b6c8-4e74-9fef-09d08cfd8e6c;7965d220-619d-400f-8cab-42bd98c7d23c;bb7982cd-020f-4e1a-93fc-4a6874917f07;fe0b81a4-5b02-4548-8fb0-d49cd4a4604a,6 - 7 year(s);7 - 8 year(s);3 - 4 year(s);4 - 5 year(s);5 - 6 year(s),0ecb8fa9-d77e-4dd3-b220-7e79704f1b03;66fcda51-33c8-4162-a8d1-0337e1d6ade3;9d3e591d-06a6-4fc4-9714-cf155a15b415;a9f0217d-f7ec-4add-950d-4e8986ab2c82,PreK-1;PreK-2;Grade 2;Kindergarten,ba4d88b6-d5d8-4dbe-9cf2-8237664c746c,Language/Literacy,2d5ea951-836c-471e-996e-76823a992689,None Specified,40a232cd-d6e8-4ec1-97ec-4e4df7d00a78,None Specified
94c33343-0736-4100-9c61-704f098b2453,62664be94732148a36446e76,82c608c3-3de2-4ea6-b5e2-358ab7f7cc11,b2f7136b-7eaa-440a-8942-b18218ab4239,17,22,Class1A,live,75004121-0c0d-486c-ba65-4c57deacb44b,626641b1afbbfa133b9fc243,1650872100,0,145edddc-2019-43d9-97e1-c5830e7ed689;7965d220-619d-400f-8cab-42bd98c7d23c;bb7982cd-020f-4e1a-93fc-4a6874917f07;fe0b81a4-5b02-4548-8fb0-d49cd4a4604a,6 - 7 year(s);3 - 4 year(s);4 - 5 year(s);5 - 6 year(s),0ecb8fa9-d77e-4dd3-b220-7e79704f1b03;66fcda51-33c8-4162-a8d1-0337e1d6ade3;a9f0217d-f7ec-4add-950d-4e8986ab2c82,PreK-1;PreK-2;Kindergarten,20d6ca2f-13df-4a7a-8dcb-955908db7baa,Language/Literacy,84b8f87a-7b61-4580-a190-a9ce3fe90dd3,Speech & Language Skills,null,null
94c33343-0736-4100-9c61-704f098b2453,62664be94732148a36446e76,82c608c3-3de2-4ea6-b5e2-358ab7f7cc11,9ef4b814-2f96-4a73-9a13-f64af4e0ead9,8,18,Class1A,live,75004121-0c0d-486c-ba65-4c57deacb44b,626641b1afbbfa133b9fc243,1650872100,0,145edddc-2019-43d9-97e1-c5830e7ed689;7965d220-619d-400f-8cab-42bd98c7d23c;bb7982cd-020f-4e1a-93fc-4a6874917f07;fe0b81a4-5b02-4548-8fb0-d49cd4a4604a,6 - 7 year(s);3 - 4 year(s);4 - 5 year(s);5 - 6 year(s),0ecb8fa9-d77e-4dd3-b220-7e79704f1b03;66fcda51-33c8-4162-a8d1-0337e1d6ade3;a9f0217d-f7ec-4add-950d-4e8986ab2c82,PreK-1;PreK-2;Kindergarten,20d6ca2f-13df-4a7a-8dcb-955908db7baa,Language/Literacy,84b8f87a-7b61-4580-a190-a9ce3fe90dd3,Speech & Language Skills,null,null
ab54b78e-7f6f-4464-8022-27413d1af20f,62444a0d3c218adac3c63fc7,d0309c56-c4d9-40e3-8286-4a525901699c,acb2fe80-7fcc-4b84-a504-17ae9c5711ad,7,7,TBL-2021-3,live,75004121-0c0d-486c-ba65-4c57deacb44b,619db591635376836c01741e,1648643100,0,145edddc-2019-43d9-97e1-c5830e7ed689;7965d220-619d-400f-8cab-42bd98c7d23c;bb7982cd-020f-4e1a-93fc-4a6874917f07;fe0b81a4-5b02-4548-8fb0-d49cd4a4604a,6 - 7 year(s);3 - 4 year(s);4 - 5 year(s);5 - 6 year(s),0ecb8fa9-d77e-4dd3-b220-7e79704f1b03;66fcda51-33c8-4162-a8d1-0337e1d6ade3;a9f0217d-f7ec-4add-950d-4e8986ab2c82,PreK-1;PreK-2;Kindergarten,20d6ca2f-13df-4a7a-8dcb-955908db7baa,Language/Literacy,84b8f87a-7b61-4580-a190-a9ce3fe90dd3,Speech & Language Skills,40a232cd-d6e8-4ec1-97ec-4e4df7d00a78,None Specified
ab54b78e-7f6f-4464-8022-27413d1af20f,62444a0d3c218adac3c63fc7,d0309c56-c4d9-40e3-8286-4a525901699c,ad7f0ecd-7408-4a2f-9544-a44b6ee4945d,1,1,TBL-2021-3,live,75004121-0c0d-486c-ba65-4c57deacb44b,619db591635376836c01741e,1648643100,0,145edddc-2019-43d9-97e1-c5830e7ed689;7965d220-619d-400f-8cab-42bd98c7d23c;bb7982cd-020f-4e1a-93fc-4a6874917f07;fe0b81a4-5b02-4548-8fb0-d49cd4a4604a,6 - 7 year(s);3 - 4 year(s);4 - 5 year(s);5 - 6 year(s),0ecb8fa9-d77e-4dd3-b220-7e79704f1b03;66fcda51-33c8-4162-a8d1-0337e1d6ade3;a9f0217d-f7ec-4add-950d-4e8986ab2c82,PreK-1;PreK-2;Kindergarten,20d6ca2f-13df-4a7a-8dcb-955908db7baa,Language/Literacy,84b8f87a-7b61-4580-a190-a9ce3fe90dd3,Speech & Language Skills,40a232cd-d6e8-4ec1-97ec-4e4df7d00a78,None Specified
ab54b78e-7f6f-4464-8022-27413d1af20f,62444a0d3c218adac3c63fc7,d0309c56-c4d9-40e3-8286-4a525901699c,752ca90d-047f-4666-90fe-c5477300736a,7,7,TBL-2021-3,live,75004121-0c0d-486c-ba65-4c57deacb44b,619db591635376836c01741e,1648643100,0,145edddc-2019-43d9-97e1-c5830e7ed689;7965d220-619d-400f-8cab-42bd98c7d23c;bb7982cd-020f-4e1a-93fc-4a6874917f07;fe0b81a4-5b02-4548-8fb0-d49cd4a4604a,6 - 7 year(s);3 - 4 year(s);4 - 5 year(s);5 - 6 year(s),0ecb8fa9-d77e-4dd3-b220-7e79704f1b03;66fcda51-33c8-4162-a8d1-0337e1d6ade3;a9f0217d-f7ec-4add-950d-4e8986ab2c82,PreK-1;PreK-2;Kindergarten,20d6ca2f-13df-4a7a-8dcb-955908db7baa,Language/Literacy,84b8f87a-7b61-4580-a190-a9ce3fe90dd3,Speech & Language Skills,40a232cd-d6e8-4ec1-97ec-4e4df7d00a78,None Specified
ab54b78e-7f6f-4464-8022-27413d1af20f,623a08b60974eeb8e00b4d93,d0309c56-c4d9-40e3-8286-4a525901699c,acb2fe80-7fcc-4b84-a504-17ae9c5711ad,20,20,TBL-2021-3,live,75004121-0c0d-486c-ba65-4c57deacb44b,619db4f8ec9d8644f5c75bb6,1648209600,0,145edddc-2019-43d9-97e1-c5830e7ed689;7965d220-619d-400f-8cab-42bd98c7d23c;bb7982cd-020f-4e1a-93fc-4a6874917f07;fe0b81a4-5b02-4548-8fb0-d49cd4a4604a,6 - 7 year(s);3 - 4 year(s);4 - 5 year(s);5 - 6 year(s),0ecb8fa9-d77e-4dd3-b220-7e79704f1b03;66fcda51-33c8-4162-a8d1-0337e1d6ade3;a9f0217d-f7ec-4add-950d-4e8986ab2c82,PreK-1;PreK-2;Kindergarten,20d6ca2f-13df-4a7a-8dcb-955908db7baa,Language/Literacy,84b8f87a-7b61-4580-a190-a9ce3fe90dd3,Speech & Language Skills,2d1152a3-fb03-4c4e-aeba-98856c3241bd,Vocabulary
ab54b78e-7f6f-4464-8022-27413d1af20f,623a08b60974eeb8e00b4d93,d0309c56-c4d9-40e3-8286-4a525901699c,130d186e-59ca-4678-8f57-56c19a439f77,20,20,TBL-2021-3,live,75004121-0c0d-486c-ba65-4c57deacb44b,619db4f8ec9d8644f5c75bb6,1648209600,0,145edddc-2019-43d9-97e1-c5830e7ed689;7965d220-619d-400f-8cab-42bd98c7d23c;bb7982cd-020f-4e1a-93fc-4a6874917f07;fe0b81a4-5b02-4548-8fb0-d49cd4a4604a,6 - 7 year(s);3 - 4 year(s);4 - 5 year(s);5 - 6 year(s),0ecb8fa9-d77e-4dd3-b220-7e79704f1b03;66fcda51-33c8-4162-a8d1-0337e1d6ade3;a9f0217d-f7ec-4add-950d-4e8986ab2c82,PreK-1;PreK-2;Kindergarten,20d6ca2f-13df-4a7a-8dcb-955908db7baa,Language/Literacy,84b8f87a-7b61-4580-a190-a9ce3fe90dd3,Speech & Language Skills,2d1152a3-fb03-4c4e-aeba-98856c3241bd,Vocabulary
